DROP DATABASE IF EXISTS javierDiez;
CREATE DATABASE javierdiez
CHARACTER SET utf8mb4
COLLATE utf8mb4_general_ci;
USE javierDiez;

CREATE TABLE personas (
    cedula VARCHAR(255) PRIMARY KEY,
    per_nombres VARCHAR(255) NOT NULL,
    per_apellidos VARCHAR(255) NOT NULL,
    per_fechaNacimiento DATE NOT NULL,
    per_estado BOOLEAN NOT NULL, -- 1 TRABAJANDO  0 NO TRABAJA EN LA EMPRESA
    per_areaTrabajo VARCHAR(255) NOT NULL,
    per_correo VARCHAR(255) NULL
) ENGINE=InnoDB DEFAULT CHARSET=utf8mb4 COLLATE=utf8mb4_general_ci;
INSERT INTO `personas` (`cedula`, `per_nombres`, `per_apellidos`, `per_fechaNacimiento`, `per_estado`, `per_areaTrabajo`, `per_correo`) VALUES
('0104094016', 'ANDERSON ALEX', 'MINALLA SANCHEZ', '1987-11-17', 1, 'PINTURA', 'andersonminalla1987@outlook.com'),
('0923995401', ' WALTER EFREN', 'MUENTES MERA', '1984-09-03', 1, 'PINTURA', 'walter_efren@hotmail.com'),
('0951881408', 'ALEJANDRO XAVIER', 'JORDAN ALVAREZ ', '2000-02-05', 1, 'DISEÑO', 'alejandro.jordan@javierdiez.com'),
('0953292034', 'GEOVANNY EMMANUEL', 'HUMANANTE ALVAREZ', '2000-06-18', 1, 'DISEÑO', 'geovanny.humanante@javierdiez.com'),
('1102780416', ' WALTER NAUN', 'JARAMILLO AGREDA', '1968-09-12', 1, 'METALMECÁNICA', 'walterjaramillo22@yahoo.com'),
('1103376651', 'JORGE LUIS', 'ESTRELLA AREVALO', '1979-02-16', 1, 'PINTURA', 'jorgeestrella1979@gmail.com'),
('1313861443', 'DIANA CAROLINA', 'MUÑOZ ALCIVAR', '1991-07-18', 1, 'TICS', 'carolina.munoz@javierdiez.com'),
('1704450798', 'FERNANDO EFRAIN', 'CASTILLO ARGUELLO', '1956-01-30', 1, 'COMERCIAL', 'fernando.castillo@javierdiez.com'),
('1707956650', 'MARIA BEATRIZ', 'LATANCELA', '1962-08-10', 1, 'ACRÍLICOS Y ACABADOS', 'latancela.beatriz62@gmail.com'),
('1708451107', 'LUIS ENRIQUE', 'MAGARISCA CHANATAXI', '1966-09-06', 1, 'METALMECÁNICA', 'enrique09cha@gmail.com'),
('1708711658', 'LUIS EDUARDO', 'HERRERA PAREDES', '1965-04-03', 1, 'ACRÍLICOS Y ACABADOS', 'luisherrerapa50@gmail.com'),
('1709028151', ' LUIS SERGIO', 'GONZALEZ MUELA', '1974-03-31', 1, 'CARPINTERÍA', 'luisg310374@gmail.com'),
('1709327694', 'ANA MARIA', 'CASTRO DE GUZMAN', '1991-07-18', 1, 'COMERCIAL', 'anamaria.castro@javierdiez.com'),
('1709435398', 'TITO ROMMEL', 'SEGOVIA DONOSO', '1967-01-03', 1, 'COMERCIAL', 'rommel@javierdiez.com'),
('1709854481', 'WASHINGTON BOLIVAR', 'CANDO YAULI', '1968-03-14', 1, 'METALMECÁNICA', 'katti90@hotmail.es'),
('1712855178', 'AIDA PATRICIA', 'VASCONEZ CHUQUITARCO', '1973-08-14', 1, 'ACRÍLICOS Y ACABADOS', 'patyvasconez2020@gmail.com'),
('1713095238', 'LUIS ANIBAL', 'BOADA ALBAN', '1977-03-03', 1, 'CARPINTERÍA', 'luisboada05@outlook.com'),
('1713865051', ' ROLANDO JAVIER', 'TIPANTOCTA SALGUERO', '1977-11-07', 1, 'ACM', 'rolandotipan97@gmail.com'),
('1714495619', 'LUIS RUBEN', 'QUINDIL LLUMILUISA', '1980-01-17', 1, 'METALMECÁNICA', 'rubenquindil80@gmail.com'),
('1715128037', 'SEGUNDO EFRAIN', 'GONZALEZ MUELA', '1976-05-28', 1, 'CARPINTERÍA Y ACRÍLICO', 'segundo_gonzales_@outlook.com'),
('1715188072', 'SANTOS IVAN', 'TAXIGUANO ESTUPI├ö├Â┬úÔö£┬¬AN', '1983-01-10', 1, 'CARPINTERÍA Y ACRÍLICO', 'taxiguanosantos@gmal.com'),
('1715211650', 'DARWIN VINICIO', 'MOROCHO VILLACRES', '1979-08-29', 1, 'MÁQUINAS', 'paulxldu17@gmail.com'),
('1715628069', 'FREDDY MARCELO', 'CAIZA VILA├ö├Â┬úÔö£┬¬A', '1984-12-28', 1, 'CARPINTERÍA Y ACRÍLICO', 'clady5544@gmail.com'),
('1715923254', ' ANA CRISTINA', 'RAMON CONFORME', '1991-07-18', 1, 'DEP PRODUCCIÓN', 'ana.ramon@javierdiez.com'),
('1716210651', 'FRANKLIN ERNESTO', 'FICHAMBA TITUA├ö├Â┬úÔö£┬¬A', '1984-07-29', 1, 'ACRÍLICOS Y ACABADOS', 'etfichamba@gmail.com'),
('1716703952', 'JAVIER', 'DIEZ', '1967-06-19', 1, 'COMERCIAL', 'javierdiez@javierdiez.com'),
('1717424087', 'OSCAR VINICIO', 'CHANCUSIG MORA', '1986-05-08', 1, 'PINTURA', 'oscarchancusigmora@gmail.com'),
('1717766826', 'STALIN ADOLFO', 'SANCHEZ SANCHEZ ', '1991-07-18', 1, 'DEP PRODUCCI├ö├Â┬úÔö£ÔöñN', 'stalin.sanchez@javierdiez.com'),
('1718118845', 'EDISON JAVIER', 'PADILLA LLUMIQUINGA', '1985-05-20', 1, 'PINTURA', 'edyjavierpadillallumiquinga@gmail.com'),
('1718432352', 'HENRY DAVID', 'SALAZAR ABAD', '1991-07-18', 1, 'DISEÑO', 'david.salazar@javierdiez.com'),
('1718567728', 'FREDDY JOSUE', 'MUZO SANCHEZ', '1993-11-18', 1, 'ACRÍLICOS Y ACABADOS', 'muzo_freddy@hotmail.com'),
('1719217257', 'LUIS FERNANDO', 'TITUAÑA LINCANGO', '1984-08-06', 1, 'METALMECÁNICA', 'fernandotitu20@gmail.com'),
('1719834234', 'JULIO CESAR', 'USHCA SALAZAR ', '1987-10-12', 1, 'ACM', 'jjctriple7@gmail.com'),
('1720871142', 'ANGEL EDUARDO', 'AYALA ENDARA', '1989-05-31', 1, 'COMERCIAL', 'angel.ayala@javierdiez.com'),
('1721205498', 'EDISON JAVIER', 'CAMPOVERDE PARAMO', '1987-11-28', 1, 'ACRÍLICOS Y ACABADOS', 'javier0755@hotmail.com'),
('1721228268', 'EDWIN FABRICIO', 'GUALLICHICO NACIMBA', '1992-03-12', 1, 'PINTURA', 'edwinguallichico1203@gmail.com'),
('1721403945', 'RAUL ALEJANDRO', 'BAUTISTA GARCIA', '1992-05-15', 1, 'DISEÑO', 'raul.bautista@javierdiez.com'),
('1721824249', 'EDISON GIOVANNY', 'TIGSE COLCHA', '1987-09-11', 1, 'METALMECÁNICA', 'edisontigse@gmail.com'),
('1722167283', 'FRANCISCO JAVIER', 'QUISE USHI├ö├Â┬úÔö£┬¬A', '1992-11-05', 1, 'CARPINTERÍA', 'javier_1214@outlook.es'),
('1722666888', 'EDWIN PATRICIO', 'USHI├ö├Â┬úÔö£┬¬A GUALLICHICO', '1984-05-16', 1, 'METALMECÁNICA', 'edwinmusic_45@hotmail.com'),
('1723351076', 'CESAR ADRIAN', 'CORDOVA ESPINOSA', '1989-11-21', 1, 'DISEÑO', 'cesar.cordova@javierdiez.com'),
('1723586754', 'EDISON PATRICIO', 'CHIMBORAZO CAMPO', '1993-03-04', 1, 'CARPINTERÍA', 'edi1002011@gmail.com'),
('1724072598', 'RICARDO GUILLERMO', 'PILLAJO SIMBA├ö├Â┬úÔö£┬¬A', '1993-11-02', 1, 'CARPINTERÍA', 'ricardopillajo70@gmail.com'),
('1724913262', 'ESTALIN FERNANDO', 'PILATASIG GONZALON', '1992-02-06', 1, 'ACM', 'estalinjef8@gmail.com'),
('1724990807', 'MILTON MARCELO', 'HERMOZA ENRIQUEZ', '1991-07-18', 1, 'DEP PRODUCCI├ö├Â┬úÔö£ÔöñN', 'milton.hermoza@javierdiez.com'),
('1725302002', 'BYRON DANIEL', 'OÑA SANCHEZ ', '0001-01-01', 1, 'DISEÑO', 'byron.ona@javierdiez.com'),
('1726031469', 'RUBEN ALEJANDRO', 'QUINDIL MALDONADO', '1998-04-08', 1, 'MÁQUINAS', '25quindilruben@gmail.com'),
('1726208497', 'CARLOS FABRICIO', 'PAJU├ö├Â┬úÔö£┬¬A MOLINA', '1995-08-23', 1, 'METALMECÁNICA', 'fabric2308@gmail.com'),
('1726322694', 'ALAN GUSTAVO', 'ROMAN CALUPI├ö├Â┬úÔö£┬¬A', '1997-04-24', 1, 'CARPINTERÍA', 'gustavoalan123@outlook.es'),
('1726979113', 'TAYLOR OMAR', 'CAMPO TIXICURO', '1997-06-10', 1, 'ACRÍLICOS Y ACABADOS', 'teylor_leo1996@hotmail.com'),
('1727217745', 'EDISON JAVIER', 'CAMPO TIXICURO', '1988-06-10', 1, 'MÁQUINAS', 'javiercampo08@gmail.com'),
('1727409334', 'JEFFERSON PATRICIO', 'PAZMI├ö├Â┬úÔö£┬¬O SIMBA├ö├Â┬úÔö£┬¬A', '1998-03-14', 1, 'MÁQUINAS', 'patripazmi.1998.2018@gmail.com'),
('1750548453', 'DIEGO IVAN', 'CALDERON GRACIA', '1994-03-13', 1, 'PINTURA', 'diegocalde2221@gmail.com'),
('1754453593', 'KLEVER PATRICIO', 'CEVALLOS TOAPANTA', '2000-02-27', 1, 'METALMECÁNICA', 'klever702210@hotmail.com'),
('1950118826', ' GALO FRANCISCO', 'JARAMILLO JIMENEZ', '1995-10-10', 1, 'CARPINTERÍA', 'ximenezgalo1995@gmail.com'),
('2100196472', ' ROBERT FABRICIO', 'ROSILLO ROSILLO', '1978-10-27', 1, 'DISEÑO', 'robert.rosillo@javierdiez.com');


CREATE TABLE usuarios (
    id_user INT UNSIGNED AUTO_INCREMENT PRIMARY KEY,
    usu_user VARCHAR(255) NOT NULL,
    usu_password VARCHAR(255) NOT NULL,
    usu_rol INT NOT NULL,
    usu_registro DATETIME NOT NULL,
    usu_delete BOOLEAN DEFAULT 0 NOT NULL,
    cedula VARCHAR(255) NOT NULL,
    Foreign Key (cedula) REFERENCES personas(cedula)
        ON UPDATE RESTRICT
        ON DELETE RESTRICT
) ENGINE=InnoDB DEFAULT CHARSET=utf8mb4 COLLATE=utf8mb4_general_ci;

INSERT INTO `usuarios` (`id_user`, `usu_user`, `usu_password`, `usu_rol`, `usu_registro`, `cedula`) VALUES
(1, '1313861443', '$2y$10$Bq5e9XjZgytTIE/FTB7c6OM/34OzJthoAF5clGdX8emFZuJh5ArHe', 1, '2024-03-01 16:56:09', '1313861443'),
(2, '1721403945', '$2y$10$jl4E6DKVWdl1BQo3mY4Ace1myscYjMOx5/VBN00RiQDn2XKXVlddO', 3, '2024-03-04 16:24:18', '1721403945'),
(3, '1723351076', '$2y$10$uFAChX3SOTIcXjT5tJMxSO33BXhSODvapW.0/ZR80oMjAJKA/bxny', 3, '2024-03-04 16:24:49', '1723351076'),
(4, '2100196472', '$2y$10$Dn/3ii9xlM1tsfgDbjEfxOrW8sZAxltD91a08/dRFnIA0TROUA7Ey', 3, '2024-03-04 16:25:16', '2100196472'),
(5, '0953292034', '$2y$10$3IQA/WZHoIHShor6.q4dvOjPaOIMVlRIygpYfaz0ArLHWGs.2NFm6', 3, '2024-03-04 16:25:37', '0953292034'),
(6, '0951881408', '$2y$10$Qf4vQInpkzZ6NtZr/Rc9uOs/gddlowJRm2RfE5aWw3LwPFoqfSnSK', 3, '2024-03-04 16:25:57', '0951881408'),
(7, '1718432352', '$2y$10$vsgP4K17b3k3DIv4p2zk7OMWyazZG1rgCeaq2hXfeuSS5UcYf9LK6', 2, '2024-03-04 16:26:39', '1718432352'),
(8, '1724990807', '$2y$10$LUBgdlLahfl.snEz9nv4YuPpXICxZU/wW0QBYbIGxVmmiThK/USH.', 4, '2024-03-04 16:30:30', '1724990807'),
(9, '1715923254', '$2y$10$3m1Ehvzx2Il5I0B7F1HF7eb.6vcucilTmfR/a7NY4XKllbqHyduzW', 4, '2024-03-04 16:31:05', '1715923254'),
(10, '1717766826', '$2y$10$fwMFhPUZLjir6kaKMRzx1.R209BlZY99Av6sdfLLwteb/qgGN3qOK', 4, '2024-03-04 16:32:08', '1717766826'),
(11, '1725302002', '$2y$10$mmDfm6WbmAns3mGZEkhZv.3kGRwcvEEIST5bP8gHX77rs04jnd7ES', 3, '2024-03-07 17:04:50', '1725302002');




CREATE TABLE orden_disenio(
    od_id INT UNSIGNED PRIMARY KEY AUTO_INCREMENT,
    od_responsable VARCHAR(255) NOT NULL,  /*cedula*/
    od_comercial VARCHAR(255) NOT NULL,  /*cedula del vendedor o comercial*/
    od_detalle VARCHAR(255) NOT NULL,
    od_cliente VARCHAR(255) NOT NULL,
    od_fechaRegistro DATETIME DEFAULT CURRENT_TIMESTAMP NOT NULL,
    od_estado ENUM("PROPUESTA", "DESAPROBADA", "MATERIALIDAD", "OP" , "OP CREADA", "EN COBRANZA") NOT NULL, 
    Foreign Key (od_responsable) REFERENCES personas(cedula)
        ON UPDATE RESTRICT
        ON DELETE RESTRICT
) ENGINE=InnoDB DEFAULT CHARSET=utf8mb4 COLLATE=utf8mb4_general_ci;;

INSERT INTO `orden_disenio` (`od_id`, `od_responsable`, `od_comercial`, `od_detalle`, `od_cliente`, `od_fechaRegistro`, `od_estado`) VALUES
(1, '0953292034', '1704450798', 'PUNTO i RÓTULO', 'PRODUBANCO', '2024-03-07 11:59:53', 'OP CREADA'),
(2, '0953292034', '1704450798', 'SEÑALÉTICA ASCENSOR', 'PRODUBANCO', '2024-03-07 12:09:12', 'OP CREADA'),
(3, '0953292034', '1704450798', 'SEÑALÉTICA  ASCENSOR', 'PRODUBANCO', '2024-03-07 12:21:53', 'OP CREADA'),
(4, '0953292034', '1704450798', 'BOTONES DECORATIVOS', 'PRODUBANCO', '2024-03-07 12:58:27', 'OP CREADA'),
(5, '0951881408', '1704450798', 'PE-PARADERO KFC', 'JCDECAUX', '2024-03-07 13:33:25', 'OP CREADA'),
(6, '0953292034', '1704450798', 'LONA TRANSLUCIDA CAJA DE LUZ', 'PRODUBANCO', '2024-03-07 14:41:30', 'OP CREADA'),
(7, '0951881408', '1704450798', 'ORIGAMI ACRILICO', 'PRODUBANCO', '2024-03-07 14:56:50', 'OP CREADA'),
(8, '0951881408', '1709327694', 'ROTULOS VOLUMETRICOS', 'MINUTOCORP', '2024-03-07 15:30:17', 'OP CREADA'),
(9, '2100196472', '1704450798', 'ROTULOS TIPO BANDERA', 'PLAZA MARQUESINA', '2024-03-07 16:22:41', 'OP CREADA'),
(10, '0951881408', '1709327694', 'PE-MUPI PANTENE', 'JCDECAUX', '2024-03-07 17:12:34', 'OP CREADA'),
(11, '0953292034', '1709327694', 'LOGO A92', 'MINUTOCORP', '2024-03-07 17:22:54', 'OP CREADA'),
(12, '1723351076', '1718432352', 'VINIL E INSTALACIÓN', 'MAXIPLUS', '2024-03-07 17:27:03', 'OP CREADA'),
(13, '0951881408', '1709327694', 'CARTELERÍA PEDIDOS YA', 'JCDECAUX', '2024-03-07 17:33:23', 'OP CREADA'),
(14, '0951881408', '1709327694', 'CARTELERÍA PILSENER', 'JCDECAUX', '2024-03-07 17:36:14', 'OP CREADA'),
(15, '2100196472', '1709435398', 'ROTULACIÓN', 'URIBE SCHWARZKOPF', '2024-03-07 17:45:56', 'OP CREADA'),
(16, '0953292034', '1709327694', 'BASTIDOR Y LONA', 'PLAZA SEVILLA', '2024-03-07 17:48:57', 'OP CREADA'),
(17, '0951881408', '1709327694', 'PE-PARADERO CLARO', 'JCDECAUX', '2024-03-07 17:52:19', 'OP CREADA'),
(18, '0953292034', '1704450798', 'OPALINA 50% SEGUNDA ETAPA', 'ATHLETA', '2024-03-07 17:58:31', 'OP CREADA'),
(19, '0953292034', '1709435398', 'VINILOS ELECTROSTÁTICOS', 'NATURAL VITALITY', '2024-03-07 18:01:59', 'OP CREADA'),
(20, '0951881408', '1709327694', 'CARTELERÍA OLIVE GARDEN', 'JCDECAUX', '2024-03-07 18:05:47', 'OP CREADA'),
(21, '0953292034', '1709327694', 'ROTULO INOX', 'AQUAGROW', '2024-03-07 18:09:49', 'OP CREADA'),
(22, '1721403945', '1704450798', 'TOPES DE PUERTAS', 'UDLA', '2024-03-07 18:13:17', 'OP CREADA'),
(23, '0953292034', '1704450798', 'LONAS ETAPA REBAJAS', 'OLD NAVY', '2024-03-07 18:16:51', 'OP CREADA'),
(24, '0953292034', '1704450798', 'END OF SEASON ETAPA 2', 'FOREVER 21', '2024-03-07 18:21:15', 'OP CREADA'),
(25, '0951881408', '1709327694', 'CARTELERÍA PILSENER', 'JCDECAUX', '2024-03-07 18:24:43', 'OP CREADA'),
(26, '1721403945', '1720871142', 'NUEVA IMAGEN GUAMANI', 'ALIANZA DEL VALLE', '2024-03-07 18:31:23', 'OP CREADA'),
(27, '0951881408', '1709327694', 'DESARROLLO FICHAS TÉCNICASS', 'JCDECAUX', '2024-03-07 18:47:46', 'OP CREADA'),
(28, '0951881408', '1709327694', 'CARTELERÍA KFC', 'JCDECAUX', '2024-03-07 18:49:49', 'OP CREADA'),
(29, '2100196472', '1704450798', 'GRÁFICA EN FRENTE VIDRIADO', 'CONTRACT WORKPLACES', '2024-03-07 19:01:18', 'OP CREADA'),
(30, '2100196472', '1704450798', 'CAMBIO LOGOS ADIDAS MS', 'MUNDO DEPORTIVO', '2024-03-07 19:04:22', 'OP CREADA'),
(31, '1723351076', '1718432352', 'ELEMENTOS AKI MÓVIL', 'CORPORACION FAVORITA', '2024-03-07 19:13:03', 'OP CREADA'),
(32, '0953292034', '1704450798', 'SEÑALÉTICA ENTRADA PUERTA', 'SERVIPAGOS', '2024-03-07 19:18:06', 'OP CREADA'),
(33, '0953292034', '1704450798', 'ORIGAMI E INSTRUCTIVO ', 'PRODUBANCO', '2024-03-07 19:20:43', 'OP CREADA'),
(34, '0953292034', '1709435398', 'COMPUERTAS MUEBLES DE PAN', 'SUPERMAXI', '2024-03-07 19:23:13', 'OP CREADA'),
(35, '0951881408', '1709435398', 'ENERO', 'MARATHON', '2024-03-07 19:25:58', 'OP CREADA'),
(36, '0951881408', '1709327694', 'CARTELERÍA COMODINES', 'JCDECAUX', '2024-03-08 08:27:43', 'OP CREADA'),
(37, '1721403945', '1704450798', 'ROTULACIÓN', 'MULTICINES SAN MARINO', '2024-03-08 08:31:12', 'OP CREADA'),
(38, '2100196472', '1709435398', 'MUEBLES DE PAN CHIVIQUI', 'SUPERMAXI', '2024-03-08 11:13:20', 'OP CREADA'),
(39, '2100196472', '1709435398', 'MUEBLES DE PAN MACHALA', 'SUPERMAXI', '2024-03-08 11:21:23', 'OP CREADA'),
(40, '0951881408', '1704450798', 'AGENCIA DIGITAL QUICENTRO NORTE', 'PRODUBANCO', '2024-03-08 14:57:49', 'OP CREADA'),
(41, '1721403945', '1704450798', 'ROTULACION NUEVA IMAGEN ', 'MULTICINES-EL PORTAL', '2024-03-08 16:00:56', 'OP CREADA'),
(42, '0951881408', '1709327694', 'CUADROS A92', 'MINUTOCORP', '2024-03-08 16:12:36', 'OP CREADA'),
(43, '2100196472', '1704450798', 'DESMONTAJE Y MONTAJE DE VIDRIO ', 'ADFOLSA', '2024-03-08 16:22:45', 'OP CREADA'),
(44, '1721403945', '1704450798', 'ROTULACION NUEVA IMAGEN ', 'MULTICINES MALTERIA', '2024-03-08 17:14:33', 'OP CREADA'),
(45, '1721403945', '1704450798', 'ROTULACION NUEVA IMAGEN ', 'MULTICINES MALL DEL PACÍFICO', '2024-03-08 17:20:23', 'OP CREADA'),
(46, '2100196472', '1704450798', 'TOTEM LUMINOSO DE DOBLE LADO ', 'FYBECA', '2024-03-08 17:33:27', 'OP CREADA'),
(47, '2100196472', '1704450798', 'CAMBIO DE TRANSFORMADORES ', 'FRIOEXPORT ', '2024-03-08 17:36:39', 'OP CREADA'),
(48, '0953292034', '1709327694', 'ROTULACION TULCÁN ', 'MARESA', '2024-03-08 17:56:49', 'OP CREADA'),
(51, '2100196472', '1704450798', 'MANTENIMIENTO ELÉCTRICO', 'KOBE', '2024-03-11 12:28:46', 'OP CREADA'),
(52, '1721403945', '1704450798', 'ROTULACION NUEVA IMAGEN ', 'MULTICINES PLAZA LAS AMERICAS', '2024-03-11 12:32:47', 'OP CREADA'),
(53, '0953292034', '1709327694', 'ROTULACIÓN ESMERALDAS ', 'MARESA', '2024-03-11 12:41:44', 'OP CREADA'),
(54, '2100196472', '1709435398', 'ARREGLO PUERTA DE MADERA ', 'ROMMEL SEGOVIA ', '2024-03-11 12:48:11', 'OP CREADA'),
(55, '0953292034', '1709435398', 'LONA CERRAMIENTO LOCAL CEIBOS ', 'OLD NAVY', '2024-03-11 14:09:07', 'OP CREADA'),
(56, '2100196472', '1709435398', 'REPOSICIÓN DE BARREDERAS ', 'CONTRACT WORPLACE', '2024-03-11 14:26:24', 'OP CREADA'),
(57, '0953292034', '1704450798', 'LINE UP WINDOW STICKER ', 'AR HOLDING', '2024-03-11 14:33:34', 'OP CREADA'),
(58, '0953292034', '1704450798', 'LETRAS MUNDO ', 'PRODUBANCO', '2024-03-11 14:39:48', 'OP CREADA'),
(59, '0953292034', '1704450798', 'LETRAS MUNDO', 'PRODUBANCO', '2024-03-11 14:44:16', 'OP CREADA'),
(60, '2100196472', '1709435398', 'MUEBLES DE PAN PANAMÁ', 'SUPERMAXI', '2024-03-11 14:50:19', 'OP CREADA'),
(61, '0951881408', '1709327694', 'CARTELERÍA CLARO DELIVERY', 'JCDECAUX', '2024-03-11 14:53:01', 'OP CREADA'),
(62, '1723351076', '1716703952', 'FABRICACIÓN TOTEM', 'MECANIZADO VALLEJO VARGAS ', '2024-03-11 14:57:59', 'OP CREADA'),
(63, '0953292034', '1704450798', 'REPOSICIÓN MKT ', 'OLD NAVY', '2024-03-11 15:08:40', 'OP CREADA'),
(64, '2100196472', '1704450798', 'PERFIL ACRÍLICO ', 'GRAN COMERCIO ', '2024-03-11 15:14:51', 'OP CREADA'),
(65, '1723351076', '1709435398', 'LONAS', 'MILTON HERMOZA', '2024-03-11 15:24:29', 'OP CREADA'),
(66, '0951881408', '1704450798', 'PROHIBITIVOS', 'PRODUBANCO', '2024-03-11 15:27:35', 'OP CREADA'),
(67, '0951881408', '1709327694', 'REEMPLAZO PVC + VINIL EN ROMPETRAFICOS ', 'CALBAQ ', '2024-03-11 15:30:18', 'OP CREADA'),
(68, '0953292034', '1704450798', 'SEÑALÉTICA CAJA CERRADA', 'PRODUBANCO', '2024-03-11 15:34:07', 'OP CREADA'),
(69, '2100196472', '1704450798', 'CAJA DE LUZ + TOTEM ', 'SANA SANA ', '2024-03-11 15:38:39', 'OP CREADA'),
(70, '0951881408', '1704450798', 'ORIGAMI TOL ', 'PRODUBANCO', '2024-03-11 15:45:50', 'OP CREADA'),
(71, '0953292034', '1709327694', 'IMPRESIÓN EN VINIL ', 'LA MIA BOTTEGA', '2024-03-11 16:03:55', 'OP CREADA'),
(72, '0953292034', '1704450798', 'MUNDO ', 'PRODUBANCO ', '2024-03-11 16:07:57', 'OP CREADA'),
(73, '0953292034', '1704450798', 'PERNO DECORATIVO ', 'PRODUBANCO', '2024-03-11 16:44:29', 'OP CREADA'),
(74, '0951881408', '1709435398', 'ARREGLO ACRÍLICO PANERA ', 'SUPERMAXI', '2024-03-11 16:55:41', 'OP CREADA'),
(75, '0953292034', '1704450798', 'SEÑALÉTICA PREFERENCIAL', 'PRODUBANCO', '2024-03-11 16:59:46', 'OP CREADA'),
(76, '0953292034', '1704450798', 'ROTULACIÓN ATM', 'PRODUBANCO', '2024-03-11 17:02:32', 'OP CREADA'),
(77, '0953292034', '1704450798', 'LONA CLEARANCE', 'OLD NAVY ', '2024-03-11 17:07:00', 'OP CREADA'),
(78, '0951881408', '1709327694', 'PARADERO AXE', 'JCDECAUX', '2024-03-11 17:10:08', 'OP CREADA'),
(79, '0953292034', '1704450798', 'SALE 60%', 'ATHLETA', '2024-03-11 17:16:51', 'OP CREADA'),
(80, '0953292034', '1704450798', 'VINIL ESCALERA', 'PRODUBANCO', '2024-03-11 17:18:39', 'OP CREADA'),
(81, '0951881408', '1704450798', 'RETIRO VINIL ESCALERA', 'OLD NAVY', '2024-03-11 17:22:41', 'OP CREADA'),
(82, '1725302002', '1716703952', 'HORNO PARA PARRILLA ', 'JAVIER DIEZ', '2024-03-11 17:26:30', 'OP CREADA'),
(83, '0953292034', '1704450798', 'SEÑALÉTICA CAJA CERRADA', 'PRODUBANCO', '2024-03-11 17:41:03', 'OP CREADA'),
(84, '0953292034', '1704450798', 'ARREGLO RÓTULO ADIDAS', 'MUNDO DEPORTIVO', '2024-03-11 17:51:51', 'OP CREADA'),
(85, '0951881408', '1709327694', 'CARTELERÍA CORPORACIÓN FAVORITA ', 'CORPORACION FAVORITA', '2024-03-12 14:10:07', 'OP CREADA'),
(86, '0953292034', '1709327694', 'RUMAS PRIMAX PLAYER 0.0 ', 'HEINEKEN', '2024-03-12 14:33:40', 'OP CREADA'),
(87, '0951881408', '1709327694', 'CARTELERÍA MCDONALD ', 'JCDECAUX', '2024-03-12 14:47:14', 'OP CREADA'),
(88, '0951881408', '1709327694', 'CARTELERÍA MCDONALD ', 'JCDECAUX', '2024-03-12 14:49:06', 'DESAPROBADA'),
(89, '0951881408', '1704450798', 'CAJA DE LUZ', 'PRODUBANCO', '2024-03-12 14:54:55', 'OP CREADA'),
(90, '0951881408', '1709327694', 'COROGRAPHIC ', 'EXPOMEDIOS ', '2024-03-12 15:09:20', 'OP CREADA'),
(91, '0953292034', '1704450798', 'SEÑALÉTICA VENTANILLA', 'PRODUBANCO ', '2024-03-12 15:13:05', 'OP CREADA'),
(92, '2100196472', '1704450798', 'CAMPAÑA PREDATOR ', 'MUNDO DEPORTIVO', '2024-03-12 15:20:46', 'OP CREADA'),
(93, '0953292034', '1704450798', 'BANDERIN MEDICITY ', 'PRODUBANCO ', '2024-03-12 17:56:11', 'OP CREADA'),
(94, '1721403945', '1704450798', 'LOGOTIPO', 'MARATHON ', '2024-03-13 08:22:50', 'OP CREADA'),
(95, '0951881408', '1704450798', 'MUNDO Y SEÑALÉTICA', 'PRODUBANCO', '2024-03-13 08:31:15', 'OP CREADA'),
(96, '2100196472', '1704450798', 'MANTENIMIENTO ELÉCTRICO ', 'MUNDO DEPORTIVO ', '2024-03-13 08:36:38', 'OP CREADA'),
(97, '0953292034', '1704450798', 'SEÑALÉTICA INTERNA', 'PRODUBANCO', '2024-03-13 08:40:08', 'OP CREADA'),
(98, '1721403945', '1709327694', 'CAMBIO IMAGEN ', 'MULTICINES ', '2024-03-13 14:27:03', 'OP CREADA'),
(99, '0951881408', '1709327694', 'CARTELERÍA UESS', 'JCDECAUX', '2024-03-13 15:11:04', 'OP CREADA'),
(100, '0953292034', '1704450798', 'ESMERILADO', 'PRODUBANCO', '2024-03-13 15:24:23', 'OP CREADA'),
(101, '1721403945', '1709327694', 'GARANTÍA ROTULO', 'MULTICINES ', '2024-03-13 15:41:31', 'OP CREADA'),
(102, '0951881408', '1709327694', 'PE MUPI CORNETTO ', 'JCDECAUX ', '2024-03-13 15:54:18', 'OP CREADA'),
(103, '0951881408', '1709327694', 'PE PARADERO SAPOLIO  ', 'JCDECAUX ', '2024-03-13 16:02:35', 'OP CREADA'),
(104, '0951881408', '1709327694', 'PE PARADERO MEGAMAXI-SUPERMAXI ', 'JCDECAUX ', '2024-03-13 16:05:25', 'OP CREADA'),
(105, '0951881408', '1709327694', 'CARTELERIA LA ROTONDA ', 'JCDECAUX ', '2024-03-13 16:49:44', 'OP CREADA'),
(106, '0953292034', '1704450798', 'SEÑALETICA REFLECTIVA ', 'PRODUBANCO', '2024-03-13 17:01:31', 'OP CREADA'),
(107, '1723351076', '1709435398', 'RETIRO RÓTULO ', 'NATURAL VITALITY ', '2024-03-13 17:07:58', 'OP CREADA'),
(108, '0951881408', '1709435398', 'ACRILICO PROTECTOR DE TECLADO ', 'SUPERMAXI ', '2024-03-13 17:29:51', 'OP CREADA'),
(109, '0951881408', '1709327694', 'MUESTRA DE COLOR BIMBO ', 'JCDECAUX ', '2024-03-15 11:02:42', 'OP CREADA'),
(110, '0953292034', '1704450798', 'SEÑALÉTICA ASCENSOR  ', 'PRODUBANCO', '2024-03-15 14:30:48', 'OP CREADA'),
(111, '0953292034', '1704450798', 'MOBILIARIO SAN CARLOS', 'PRODUBANCO', '2024-03-20 10:47:52', 'OP CREADA'),
(112, '0951881408', '1709327694', 'BOSQUE COROGRAPHIC ', 'EXPOMEDIOS ', '2024-03-20 12:20:31', 'OP CREADA'),
(113, '0953292034', '1704450798', 'SEÑALETICA PARQUEADERO ', 'PRODUBANCO', '2024-03-20 14:56:50', 'OP CREADA'),
(114, '0953292034', '1704450798', 'ROTULACIÓN ATM FARMACIA CRUZ AZUL ', 'PRODUBANCO', '2024-03-20 15:50:22', 'OP CREADA'),
(115, '0953292034', '1704450798', 'OVERHEADS IMANTADOS', 'GAP ', '2024-03-20 15:58:02', 'OP CREADA'),
(116, '0953292034', '1704450798', 'SERVICIOS DE LOGÍSTICA', 'OLD NAVY ', '2024-03-20 16:01:44', 'OP CREADA'),
(117, '1721403945', '1716703952', 'LOGOTIPO ', 'MADE WITH LOVE ', '2024-03-20 16:09:03', 'OP CREADA'),
(118, '0953292034', '1704450798', 'SEÑALETICA ÁREA RESTRINGIDA ', 'PRODUBANCO', '2024-03-20 16:25:02', 'OP CREADA'),
(119, '2100196472', '1704450798', 'IMPLEMENTACIÓN GRÁFICA GYM SHAPE ', 'MUNDO DEPORTIVO ', '2024-03-20 16:31:34', 'OP CREADA'),
(120, '0951881408', '1709327694', 'PE MUPI ITB ', 'JCDECAUX ', '2024-03-20 16:48:02', 'OP CREADA'),
(121, '0953292034', '1709327694', 'CARTELERÍA COCA COLA ', 'JCDECAUX', '2024-03-20 16:58:20', 'OP CREADA'),
(122, '2100196472', '1709327694', 'TOTEM - ADIDAS TERREX - UIO ', 'MUNDO DEPORTIVO ', '2024-03-20 17:06:18', 'OP CREADA');


CREATE TABLE od_actividades ( 
    odAct_id INT UNSIGNED PRIMARY KEY AUTO_INCREMENT,
    od_id INT UNSIGNED NOT NULL,
    odAct_detalle VARCHAR(255) NOT NULL,
    odAct_estado BOOLEAN DEFAULT 0,
    odAct_fechaEntrega DATETIME NULL,
    Foreign Key (od_id) REFERENCES orden_disenio(od_id)
        ON UPDATE RESTRICT
        ON DELETE RESTRICT
) ENGINE=InnoDB DEFAULT CHARSET=utf8mb4 COLLATE=utf8mb4_general_ci;

INSERT INTO `od_actividades` (`odAct_id`, `od_id`, `odAct_detalle`, `odAct_estado`, `odAct_fechaEntrega`) VALUES
(1, 1, 'PUNTO I', 0, '2024-01-31 00:00:00'),
(2, 2, 'SEÑALETICA ASCENSOR', 0, '2024-01-31 00:00:00'),
(3, 3, 'SEÑALETICA ASCENSOR', 0, '2024-01-31 00:00:00'),
(4, 4, 'BOTONES DECORATIVOS AG. OTAVALO', 0, '2024-01-31 00:00:00'),
(9, 5, 'PROPUESTA PARADERO KFC ACTUALIZACION', 0, '2024-01-31 00:00:00'),
(10, 5, 'ACT PROPUESTA KFC', 0, '2024-01-31 00:00:00'),
(11, 5, 'ACT PROPUESTA KFC', 0, '2024-01-31 00:00:00'),
(12, 5, 'OP PARADERO KFC', 0, '2024-01-31 00:00:00'),
(13, 6, 'LONA CAJA DE LUZ AG. MILAGRO', 0, '2024-01-31 00:00:00'),
(14, 7, 'ORIGAMI ACRILÍCO', 0, '2024-01-31 00:00:00'),
(15, 8, 'PROPUESTA RÓTULO', 0, '2024-01-31 00:00:00'),
(16, 9, 'REUNION EN SITIO', 0, '2024-01-31 00:00:00'),
(17, 9, 'ACTUALIZACIÓN RÓTULOS COLGANTES', 0, '2024-01-31 00:00:00'),
(18, 9, 'ACTUALIZACIÓN IMPLEMENTACIÓN', 0, '2024-01-31 00:00:00'),
(19, 9, 'CAJAS DE LUZ TIPO BANDERA , DE DOBLE LADO', 0, '2024-01-31 00:00:00'),
(20, 9, 'ACTUALIZACIÓN IMPLEMENTACIÓN', 0, '2024-01-31 00:00:00'),
(21, 9, 'ARTES ROTULACIÓN', 0, '2024-01-31 00:00:00'),
(22, 10, 'MUESTRA DE COLOR PANTENE', 0, '2024-01-31 00:00:00'),
(23, 10, 'OP PE PANTENE', 0, '2024-01-31 00:00:00'),
(24, 10, 'OP PANTENE', 0, '2024-01-31 00:00:00'),
(25, 10, 'CARTELERÍA PANTENE', 0, '2024-01-31 00:00:00'),
(26, 10, 'ARREGLO ARTES PE PANTENE', 0, '2024-01-31 00:00:00'),
(27, 11, 'LOGO A92', 0, '2024-01-31 00:00:00'),
(28, 12, 'PROPUESTA VINIL MUEBLE MAXIPLUS', 0, '2024-01-31 00:00:00'),
(29, 12, 'PROPUESTA VINIL MUEBLE MAXIPLUS', 0, '2024-01-31 00:00:00'),
(30, 12, 'PROPUESTA VINIL MUEBLE MAXIPLUS', 0, '2024-01-31 00:00:00'),
(31, 13, 'MUESTRA DE COLOR PEDIDOS YA', 0, '2024-01-31 00:00:00'),
(32, 14, 'MUESTRA DE COLOR PILSENER', 0, '2024-01-31 00:00:00'),
(33, 14, 'PROPUESTA PE PILSENER', 0, '2024-01-31 00:00:00'),
(34, 14, 'MUESTRA DE COLOR PILSENER', 0, '2024-01-31 00:00:00'),
(35, 14, 'ACT PROPUESTA PILSENER', 0, '2024-01-31 00:00:00'),
(36, 14, 'ACTUALIZACIÓN PROPUESTA PILSENER', 0, '2024-01-31 00:00:00'),
(37, 14, 'OP DE PILSENER, AXE,   SUPERMAXI-MEGAMAXI', 0, '2024-01-31 00:00:00'),
(38, 14, 'ARREGLOS ARTES PE PILSENER', 0, '2024-01-31 00:00:00'),
(39, 15, 'OP ROTULACIÓN', 0, '2024-01-31 00:00:00'),
(40, 16, 'BASTIDOR Y LONA', 0, '2024-01-31 00:00:00'),
(41, 17, 'MUESTRA DE COLOR CLARO', 0, '2024-01-31 00:00:00'),
(42, 17, 'ACT PROPUESTA CLARO', 0, '2024-01-31 00:00:00'),
(43, 17, 'OP PARADERO CLARO', 0, '2024-01-31 00:00:00'),
(44, 17, 'PE PARADERO CLARO', 0, '2024-01-31 00:00:00'),
(45, 17, 'MUESTRA DE COLOR CLARO', 0, '2024-01-31 00:00:00'),
(46, 17, 'MUESTRA DE COLOR CLARO', 0, '2024-01-31 00:00:00'),
(47, 17, 'MUESTRA DE COLOR CLARO', 0, '2024-01-31 00:00:00'),
(48, 17, 'EDICIÓN MUESTRA DE COLOR CLARO', 0, '2024-01-31 00:00:00'),
(49, 17, 'CARTELERÍA CLARO', 0, '2024-01-31 00:00:00'),
(50, 18, 'OPALINA 50% SEGUNDA ETAPA', 0, '2024-01-31 00:00:00'),
(51, 19, 'VINILOS ELECTROSTÁTICOS', 0, '2024-01-31 00:00:00'),
(52, 20, 'CARTELERÍA OLIVE GARDEN', 0, '2024-01-31 00:00:00'),
(53, 21, 'ROTULO INOX ', 0, '2024-01-31 00:00:00'),
(54, 22, 'TOPES PARA PUERTAS UDLA PARK', 0, '2024-01-31 00:00:00'),
(55, 23, 'LONAS ETAPA REBAJAS', 0, '2024-01-31 00:00:00'),
(56, 24, 'END OF SEASON ETAPA 2', 0, '2024-01-31 00:00:00'),
(57, 25, 'CARTELERERÍA PILSENER ', 0, '2024-01-31 00:00:00'),
(58, 26, 'PROPUESTA LONA EXPECTATIVA', 0, '2024-01-31 00:00:00'),
(59, 26, 'OPS LONA EXPECTATIVA', 0, '2024-01-31 00:00:00'),
(60, 26, 'LOCAL GUAMANI-PROPUESTA FACHADA', 0, '2024-01-31 00:00:00'),
(61, 26, 'LOCAL GUAMANI-PROPUESTA ATM', 0, '2024-01-31 00:00:00'),
(62, 26, 'FACHADA DETALLE CONSTRUCTIVO OK', 0, '2024-01-31 00:00:00'),
(63, 26, 'ATM DETALLE CONSTRUCTIVO OK', 0, '2024-01-31 00:00:00'),
(64, 26, 'PROPUESTA ROTULACION VALLE CARAPUNGO', 0, '2024-01-31 00:00:00'),
(65, 26, 'LONA', 0, '2024-01-31 00:00:00'),
(66, 26, 'GUAMANI - OP FACHADA', 0, '2024-01-31 00:00:00'),
(67, 26, 'INSPECCIÓN GUAMANI', 0, '2024-01-31 00:00:00'),
(68, 26, 'FACHADA ESTRUCTURA', 0, '2024-01-31 00:00:00'),
(69, 26, 'FACHADA ROTULACIÓN', 0, '2024-01-31 00:00:00'),
(70, 26, 'ACT MATERIAL FACHADA ROTULACIÓN', 0, '2024-01-31 00:00:00'),
(71, 26, 'GUAMANÍ - OP ATM', 0, '2024-01-31 00:00:00'),
(72, 26, 'GUAMANÍ - OP ATM', 0, '2024-01-31 00:00:00'),
(73, 27, 'DESARROLLO FICHAS TÉCNICAS', 0, '2024-01-31 00:00:00'),
(74, 28, 'CARTELERÍA KFC', 0, '2024-01-31 00:00:00'),
(75, 29, 'PROPUESTA GRAFICA VIDRIO ', 0, '2024-01-31 00:00:00'),
(76, 29, 'GRÁFICA FRENTE VIDRIADO ', 0, '2024-01-31 00:00:00'),
(77, 30, 'CAMBIO LOGOS ADIDAS MS', 0, '2024-01-31 00:00:00'),
(78, 31, 'ELEMENTOS AKI MÓVIL', 0, '2024-01-31 00:00:00'),
(79, 32, 'SEÑALÉTICA ENTRADA PUERTA', 0, '2024-01-31 00:00:00'),
(80, 33, 'ORIGAMI E INSTRUCTIVO ', 0, '2024-01-31 00:00:00'),
(81, 34, 'COMPUERTAS MUEBLES DE PAN', 0, '2024-01-31 00:00:00'),
(82, 35, 'ENERO', 0, '2024-01-31 00:00:00'),
(83, 36, ' CARTELERÍA COMODINES', 0, '2024-01-31 00:00:00'),
(84, 37, 'LOCAL SAN MARINO', 0, '2024-01-31 00:00:00'),
(85, 37, 'SAN MARINO RÓTULOS EXTERIORES OP', 0, '2024-01-31 00:00:00'),
(86, 9, 'LEVANTAMIENTO', 0, '2024-01-31 00:00:00'),
(87, 38, 'MUEBLES DE PAN ', 0, '2024-01-31 00:00:00'),
(88, 39, 'MUEBLES DE PAN CHIVIQUI', 0, '2024-01-31 00:00:00'),
(89, 39, 'a', 1, '2024-01-31 00:00:00'),
(90, 39, 'a', 1, '2024-01-31 00:00:00'),
(91, 39, 'a 1', 1, '2024-01-31 00:00:00'),
(92, 39, 'a 2', 1, '2024-01-31 00:00:00'),
(93, 40, 'AGENCIA DIGITAL QUICENTRO NORTE', 0, '2024-01-31 00:00:00'),
(94, 41, 'EL PORTAL ROTULACIÓN OP', 0, '2024-01-31 00:00:00'),
(95, 41, 'INSPECCIÓN EL PORTAL', 0, '2024-01-31 00:00:00'),
(96, 41, 'DETALLE DE ROTULO EXTERIOR Y VIDRIOS EL PORTAL ', 0, '2024-01-31 00:00:00'),
(97, 41, 'HISTORIAL PORTAL RÓTULOS EXTERNOS', 0, '2024-01-31 00:00:00'),
(98, 41, 'EL PORTAL NUEVO RÓTULO EXTERIOR', 0, '2024-01-31 00:00:00'),
(99, 41, 'EL PORTAL RÓTULO EXTERIOR OP', 0, '2024-01-31 00:00:00'),
(100, 41, 'ACT. OP PORTAL RÓTULO EXTERIOR', 0, '2024-01-31 00:00:00'),
(101, 42, 'CUADROS A92', 0, '2024-01-31 00:00:00'),
(102, 43, 'DESMONTAJE Y MONTAJE DE VIDRIO', 0, '2024-01-31 00:00:00'),
(103, 44, 'ROTULACION NUEVA IMAGEN ', 0, '2024-01-31 00:00:00'),
(104, 44, 'ROTULACION NUEVA IMAGEN', 0, '2024-01-31 00:00:00'),
(105, 45, 'ROTULACION NUEVA IMAGEN ', 1, '2024-01-31 00:00:00'),
(106, 45, 'ROTULACION NUEVA IMAGEN', 1, '2024-01-31 00:00:00'),
(107, 45, 'ROTULACION NUEVA IMAGEN', 1, '2024-01-31 00:00:00'),
(108, 45, 'ROTULACION NUEVA IMAGEN', 1, '2024-01-31 00:00:00'),
(109, 45, 'ROTULACION NUEVA IMAGEN', 1, '2024-01-31 00:00:00'),
(110, 45, 'ROTULACION NUEVA IMAGEN', 1, '2024-01-31 00:00:00'),
(111, 45, 'CAMBIOS MALL DEL SOL Y MALL DEL PACÍFICO', 0, '2024-01-31 00:00:00'),
(112, 45, 'MALL DEL PACÍFICO ROTULO EXTERIOR', 0, '2024-01-31 00:00:00'),
(113, 45, 'MALL DEL PACÍFICO ROTULO MCX', 0, '2024-01-31 00:00:00'),
(114, 45, 'MALL DEL PACÍFICO ROTULO MCX (2)', 0, '2024-01-31 00:00:00'),
(115, 45, 'MALL DEL PACÍFICO OP', 0, '2024-01-31 00:00:00'),
(116, 45, 'ACTUALIZACIÓN MALL DEL PACÍFICO', 0, '2024-01-31 00:00:00'),
(117, 46, 'TOTEM LUMINOSO DE DOBLE LADO ', 0, '2024-01-31 00:00:00'),
(118, 47, 'CAMBIO DE TRANSFORMADORES QUITO - AEROPUERTO TABABELA', 0, '2024-01-31 00:00:00'),
(119, 48, 'CONCESIONARIO TULCÁN ROTULACION PRINCIPAL Y BANDERINES', 0, '2024-01-31 00:00:00'),
(120, 48, 'CONCESIONARIO TULCÁN RAMPA Y TOTEM', 0, '2024-01-31 00:00:00'),
(121, 48, 'CONCESIONARIO TULCÁN LONA', 0, '2024-01-31 00:00:00'),
(122, 48, 'ACT TOTEM TULCÁN', 0, '2024-01-31 00:00:00'),
(123, 51, 'MANTENIMIENTO ELÉCTRICO - KOBE RECREO', 0, '2024-01-31 00:00:00'),
(124, 52, 'MC- PLAZA LAS AMERICAS', 0, '2024-01-31 00:00:00'),
(125, 52, 'PLAZA LAS AMERICAS RÓTULO PRINCIPAL ', 0, '2024-01-31 00:00:00'),
(126, 52, 'PLAZA LAS AMERICAS LONA PROVISIONAL ', 0, '2024-01-31 00:00:00'),
(127, 53, 'CONCESIONARIO ESMERALDAS ROTULACIÓN PRINCIPAL ', 0, '2024-01-31 00:00:00'),
(128, 53, 'CONCESIONARIO ESMERALDAS ROTULACIÓN KIA FORD', 0, '2024-01-31 00:00:00'),
(129, 55, 'LONA CERRAMIENTO CEIBOS ', 0, '2024-01-31 00:00:00'),
(130, 56, 'REPOSICIÓN DE BARREDERAS', 0, '2024-01-31 00:00:00'),
(131, 57, 'LINE UP WINDOW STICKER ', 0, '2024-01-31 00:00:00'),
(132, 57, 'ACTUALIZACIÓN LINE UP WINDOW', 0, '2024-01-31 00:00:00'),
(133, 58, 'SEÑALÉTICA INTERNA STO. DOMINGO', 0, '2024-01-31 00:00:00'),
(134, 58, 'SEÑALÉTICA VENTANILLA Y ORIGAMI STO. DOMINGO ', 0, '2024-01-31 00:00:00'),
(135, 59, 'LETRAS MUNDO POMASQUI', 0, '2024-01-31 00:00:00'),
(136, 60, 'OP PANERAS Y BAGUETERAS ', 0, '2024-01-31 00:00:00'),
(137, 61, 'CARTELERÍA CLARO DELIVERY', 0, '2024-01-31 00:00:00'),
(138, 62, 'FABRICACIÓN TOTEM ', 0, '2024-01-31 00:00:00'),
(139, 63, 'REPOSICIÓN MKT OVERHEADS WOMEN', 0, '2024-01-31 00:00:00'),
(140, 64, 'PERFIL ACRÍLICO PARA BEBEDERO ', 0, '2024-01-31 00:00:00'),
(141, 65, 'LONAS ', 0, '2024-01-31 00:00:00'),
(142, 66, 'PROHIBITIVOS', 0, '2024-01-31 00:00:00'),
(143, 67, 'ACT PROPUESTA SPLENDA SANTA MARIA ', 0, '2024-01-31 00:00:00'),
(144, 67, 'ROMPETRAFICOS', 0, '2024-01-31 00:00:00'),
(145, 68, 'SEÑALÉTICA CAJA CERRADA', 0, '2024-01-31 00:00:00'),
(146, 69, 'PROPUESTA ROTULACIÓN - LAGO AGRIO', 0, '2024-01-31 00:00:00'),
(147, 69, 'PROPUESTA ROTULACIÓN 2 - LAGO AGRIO', 0, '2024-01-31 00:00:00'),
(148, 69, 'ACTUALIZACIÓN1 ROTULACIÓN', 0, '2024-01-31 00:00:00'),
(149, 69, 'ACTUALIZACIÓN2 ROTULACIÓN', 0, '2024-01-31 00:00:00'),
(150, 69, 'DESARROLLO TOTEM ', 0, '2024-01-31 00:00:00'),
(151, 69, 'ROTULACIÓN - ACTUALIZACIÓN PLACA TOTEM', 0, '2024-01-31 00:00:00'),
(152, 69, 'OP CAJA DE LUZ + TOTEM LAGO AGRIO ', 0, '2024-01-31 00:00:00'),
(153, 70, 'ORIGAMI TOL ', 0, '2024-01-31 00:00:00'),
(154, 71, 'IMPRESIÓN EN VINIL ', 0, '2024-01-31 00:00:00'),
(155, 72, 'MUNDO AG KENNEDY ', 1, '2024-01-31 00:00:00'),
(156, 72, 'MUNDO AGENCIA KENNEDY', 0, '2024-01-31 00:00:00'),
(157, 73, 'PERNO DECORATIVO ', 0, '2024-01-31 00:00:00'),
(158, 74, 'ARREGLO ACRÍLICO PANERA', 0, '2024-01-31 00:00:00'),
(159, 75, 'SEÑALÉTICA PREFERENCIAL', 0, '2024-01-31 00:00:00'),
(160, 76, 'PROPUESTA ATM TUTI CHECA', 1, '2024-01-31 00:00:00'),
(161, 76, 'PROPUESTA2 ATM TUTI CHECA', 0, '2024-01-31 00:00:00'),
(162, 76, 'PROPUESTA1 ATM TUTI CHECA', 0, '2024-01-31 00:00:00'),
(163, 77, 'LONA CLEARANCE', 0, '2024-01-31 00:00:00'),
(164, 78, 'PROPUESTA PARADERO AXE', 0, '2024-01-31 00:00:00'),
(165, 78, 'ACT PROPUESTA AXE', 0, '2024-01-31 00:00:00'),
(166, 78, 'MUESTRA DE COLOR AXE', 0, '2024-01-31 00:00:00'),
(167, 78, 'ACT PROPUESTA AXE', 0, '2024-01-31 00:00:00'),
(168, 78, 'OP PARADERO AXE', 0, '2024-01-31 00:00:00'),
(169, 78, 'ARREGLO ARTES AXE PARA IMPRESIÓN ', 0, '2024-01-31 00:00:00'),
(170, 79, 'SALE 60%', 0, '2024-01-31 00:00:00'),
(171, 80, 'VINIL ESCALERA', 0, '2024-01-31 00:00:00'),
(172, 81, 'RETIRO VINIL ESCALERA', 0, '2024-01-31 00:00:00'),
(173, 82, 'OP HORNO PARA PARRILLA', 0, '2024-01-31 00:00:00'),
(174, 83, 'SEÑALÉTICA CAJA CERRADA', 0, '2024-01-31 00:00:00'),
(175, 84, 'OP SAN MARINO', 0, '2024-01-31 00:00:00'),
(176, 85, 'CARTELERIA LA FAVORITA', 1, '2024-01-31 00:00:00'),
(177, 85, 'CARTELERIA LA FAVORITA ', 1, '2024-01-31 00:00:00'),
(178, 85, 'CARTELERÍA ┬á', 0, '2024-01-31 00:00:00'),
(179, 85, 'CARTELERÍA ', 0, '2024-01-31 00:00:00'),
(180, 86, 'PROPUESTA RUMA PRIMAX PLAYER 00', 0, '2024-01-31 00:00:00'),
(181, 86, 'OP RUMA PRIMAX PLAYER 0.0 ', 0, '2024-01-31 00:00:00'),
(182, 87, 'CARTELERÍA MCDONALD', 0, '2024-01-31 00:00:00'),
(183, 88, 'CARTELERÍA MCDONALD', 0, '2024-01-31 00:00:00'),
(184, 89, 'PROPUESTA CAJA DE LUZ PURUHA ', 0, '2024-01-31 00:00:00'),
(185, 90, 'vMUESTRA DE COLOR COROGRAPHIC', 1, '2024-01-31 00:00:00'),
(186, 90, 'MUESTRA DE COLOR COROGRAPHIC', 0, '2024-01-31 00:00:00'),
(187, 90, 'IMPRESIÓN COROGRAPHIC', 0, '2024-01-31 00:00:00'),
(188, 91, 'SEÑALÉTICA VENTANILLA-AG. EL PORTAL TRADICIONAL', 0, '2024-01-31 00:00:00'),
(189, 92, 'CAMPAÑA PREDATOR - REVISIÓN DE GUIA', 0, '2024-01-31 00:00:00'),
(190, 92, 'MALLA PARA ARCO 3D', 0, '2024-01-31 00:00:00'),
(191, 92, 'CAMPAÑA PREDATOR - REVISIÓN DE GUIA', 1, '2024-01-31 00:00:00'),
(192, 92, 'REUNIÓN DE TRABAJO CON EL CLIENTE - TEAMS', 0, '2024-01-31 00:00:00'),
(193, 92, 'DESARROLLO Y PRESENTACIÓN ', 0, '2024-01-31 00:00:00'),
(194, 92, 'REVISION CAMPAÑA ', 0, '2024-01-31 00:00:00'),
(195, 92, 'PLANTILLAS PARA OP ADIDAS JARDIN ', 0, '2024-01-31 00:00:00'),
(196, 92, 'PLANTILLAS PARED CALZADO OP ADIDAS JARDIN ', 0, '2024-01-31 00:00:00'),
(197, 92, 'PLANTILLAS PARED CALZADO OP ADIDAS CONDADO ', 0, '2024-01-31 00:00:00'),
(198, 92, 'PLANTILLAS PARED CALZADO OP ADIDAS MALL DEL SOL ', 0, '2024-01-31 00:00:00'),
(199, 92, 'PLANTILLAS PARED CALZADO OP ADIDAS SCALA ', 0, '2024-01-31 00:00:00'),
(200, 92, 'PLANTILLAS PARED CALZADO OP ADIDAS MALL DEL RÍO', 0, '2024-01-31 00:00:00'),
(201, 92, 'PLANTILLAS PARED CALZADO OP ADIDAS VILLAGE ', 0, '2024-01-31 00:00:00'),
(202, 92, 'PLANTILLAS CAJA PARED CALZADO OP ADIDAS MS QN ', 0, '2024-01-31 00:00:00'),
(203, 92, 'PLANTILLAS CAJA PARED CALZADO OP ADIDAS MS LOCALES ', 0, '2024-01-31 00:00:00'),
(204, 92, 'REVISION CAMPAÑA PREDATOR ┬á', 0, '2024-01-31 00:00:00'),
(205, 92, 'REUNIÓN REVISION CAMPAÑA', 0, '2024-01-31 00:00:00'),
(206, 92, 'DESARROLLO LAUNCH ZONE TOP ', 0, '2024-01-31 00:00:00'),
(207, 92, 'DESARROLLO LAUNCH ZONE ', 0, '2024-01-31 00:00:00'),
(208, 92, 'VITRINAS MS EL RECREO', 0, '2024-01-31 00:00:00'),
(209, 92, 'VITRINAS MS EL RECREO', 1, '2024-01-31 00:00:00'),
(210, 92, 'VITRINAS MS EL RECREO ', 1, '2024-01-31 00:00:00'),
(211, 92, 'VITRINAS MS DORADO ', 0, '2024-01-31 00:00:00'),
(212, 92, 'VITRINAS MS MALL DEL PACÍFICO ', 0, '2024-01-31 00:00:00'),
(213, 92, 'DESARROLLO Y PRESENTACIÓN ', 0, '2024-01-31 00:00:00'),
(214, 92, 'DESARROLLO Y PRESENTACIÓN ', 0, '2024-01-31 00:00:00'),
(215, 92, '3D VITRINA OP ADIDAS MS QS ', 0, '2024-01-31 00:00:00'),
(216, 92, 'PLANTILLAS VITRINA OP ADIDAS MS MALL DEL SOL', 0, '2024-01-31 00:00:00'),
(217, 92, 'PLANTILLAS VITRINA OP ADIDAS MS QUICENTRO NORTE ', 0, '2024-01-31 00:00:00'),
(218, 92, 'PLANTILLAS VITRINA OP ADIDAS MS QUICENTRO NORTE ', 1, '2024-01-31 00:00:00'),
(219, 92, 'VITRINA MS QUICENTRO SUR ', 0, '2024-01-31 00:00:00'),
(220, 92, 'ZONA DE LANZAMIENTO MID ', 0, '2024-01-31 00:00:00'),
(221, 92, 'DESARROLLO Y PRESENTACIÓN ', 0, '2024-01-31 00:00:00'),
(222, 92, 'PLANTILLAS ZONA DE LANZAMIENTO OP ADIDAS ', 0, '2024-01-31 00:00:00'),
(223, 92, 'XD', 1, '2024-01-31 00:00:00'),
(224, 92, 'HJ', 1, '2024-01-31 00:00:00'),
(225, 92, 'PLANTILLAS ZONA DE LANZAMIENTO OP ADIDAS MS ', 0, '2024-01-31 00:00:00'),
(226, 92, 'IMÁGENES Y ARTES PARA CAMPAÑA ', 0, '2024-01-31 00:00:00'),
(227, 92, 'DESARROLLO ZONA DE LANZAMIENTO Y VITRINAS ', 0, '2024-01-31 00:00:00'),
(228, 92, 'IMÁGENES Y ARTES PARA CAMPAÑA', 0, '2024-01-31 00:00:00'),
(229, 92, 'IMÁGENES Y ARTES PARA CAMPAÑA', 1, '2024-01-31 00:00:00'),
(230, 92, 'REUNIÓN CAMPAÑA PREDATOR ', 0, '2024-01-31 00:00:00'),
(231, 92, 'ACTUALIZACIÓN PROPUESTA PREDATOR ', 0, '2024-01-31 00:00:00'),
(232, 92, 'OP-CAMPAÑA PREDATOR - MUESTRAS ', 0, '2024-01-31 00:00:00'),
(233, 92, 'OP-CAMPAÑA PREDATOR ┬á', 0, '2024-01-31 00:00:00'),
(234, 92, 'OP VITRINA ADIDAS MS QUICENTRO ', 0, '2024-01-31 00:00:00'),
(235, 92, 'OP-CAMPAÑA PREDATOR ', 1, '2024-01-31 00:00:00'),
(236, 92, 'OP VITRINA ADIDAS MS RECREO ', 0, '2024-01-31 00:00:00'),
(237, 92, 'OP VITRINA ADIDAS MS SCALA ', 0, '2024-01-31 00:00:00'),
(238, 92, 'VITRINAS MS SCALA', 0, '2024-01-31 00:00:00'),
(239, 92, 'VITRINAS MS CONDADO ', 0, '2024-01-31 00:00:00'),
(240, 93, 'BANDERIN MEDICITY ', 0, '2024-01-31 00:00:00'),
(241, 94, 'TOTEM CAMBIO PVC ', 0, '2024-01-31 00:00:00'),
(242, 95, 'PROPUESTA MUNDO SAN MARINO ', 0, '2024-01-31 00:00:00'),
(243, 96, 'MANTENIMIENTO ELÉCTRICO ', 0, '2024-01-31 00:00:00'),
(244, 97, 'SEÑALETICA INTERNA ÁREA ASCENSOR AG. NORTE', 0, '2024-01-31 00:00:00'),
(245, 97, 'SEÑALÉTICA INTERNA ASCENSOR 2 AG. NORTE', 0, '2024-01-31 00:00:00'),
(246, 97, 'SEÑALÉTICA INTERNA ELEVADOR', 0, '2024-01-31 00:00:00'),
(247, 98, 'MALL DEL SOL ROTULO EXTERIOR ', 0, '2024-01-01 00:00:00'),
(248, 98, 'LOCAL MALL DEL SOL CAMBIOS ', 0, '2024-01-01 00:00:00'),
(249, 98, 'ROTULACION NUEVA IMAGEN ', 1, '0000-00-00 00:00:00'),
(250, 98, 'ROTULACION NUEVA IMAGEN ', 1, '0000-00-00 00:00:00'),
(251, 98, 'MALL DEL SOL COMPILADO', 0, '0000-00-00 00:00:00'),
(252, 98, 'MALL DEL SOL OP', 0, '0000-00-00 00:00:00'),
(253, 99, 'CARTELERÍA UESS', 0, '0000-00-00 00:00:00'),
(254, 100, 'ESMERILADO AG. PORTOVIEJO', 1, '0000-00-00 00:00:00'),
(255, 100, 'ESMERILADO AG. PORTOVIEJO', 0, '0000-00-00 00:00:00'),
(256, 101, 'MALL DEL NORTE - GARANTIA RÓTULO', 0, '0000-00-00 00:00:00'),
(257, 102, 'PROPUESTA CORNETTO ', 0, '0000-00-00 00:00:00'),
(258, 102, 'ACT PROPUESTA CORNETTO  ', 0, '0000-00-00 00:00:00'),
(259, 102, 'OP DE PROPUESTAS CORNETTO ', 0, '0000-00-00 00:00:00'),
(260, 102, 'PROPUESTA PARADERO SAPOLIO ', 1, '0000-00-00 00:00:00'),
(261, 103, 'PROPUESTA PARADERO SAPOLIO ', 0, '0000-00-00 00:00:00'),
(262, 103, 'ACT PROPUESTA SAPOLIO ', 0, '0000-00-00 00:00:00'),
(263, 104, 'PROPUESTA PARADERO SUPERMAXI-MEGAMAXI ', 0, '0000-00-00 00:00:00'),
(264, 105, 'CARTELERIA LA ROTONDA ', 0, '0000-00-00 00:00:00'),
(265, 106, 'SEÑALÉTICA SUC. MAYOR GYE', 0, '0000-00-00 00:00:00'),
(266, 107, 'OP RETIRO RÓTULO ELOY ALFARO ', 0, '0000-00-00 00:00:00'),
(267, 108, 'ACRILICO PROTECTOR ', 0, '0000-00-00 00:00:00'),
(268, 109, 'MUESTRA DE COLOR BIMBO', 1, '0000-00-00 00:00:00'),
(269, 109, 'MUESTRA DE COLOR BIMBO ', 1, '0000-00-00 00:00:00'),
(270, 109, 'MUESTRA DE COLOR BIMBO ', 0, '2024-03-15 11:30:00'),
(271, 109, 'MUESTRA DE COLOR BIMBO 2 ', 0, '2024-03-16 12:00:00'),
(272, 109, 'MUESTRA DE COLOR BIMBO2', 1, '0000-00-00 00:00:00'),
(273, 109, 'A', 1, '0000-00-00 00:00:00'),
(274, 109, 'ASDADSAD', 1, '0000-00-00 00:00:00'),
(275, 110, 'PROPUESTA SEÑALÉTICA QUICENTRO NORTE ', 0, '0000-00-00 00:00:00'),
(276, 111, 'ROTULACION NUEVA IMAGEN', 1, '0000-00-00 00:00:00'),
(277, 111, 'ROTULACION NUEVA IMAGEN', 1, '0000-00-00 00:00:00'),
(278, 111, 'SEÑALÉTICA ASCENSOR', 1, '0000-00-00 00:00:00'),
(279, 111, 'ROTULACION NUEVA IMAGEN', 1, '0000-00-00 00:00:00'),
(280, 111, 'ROTULACION NUEVA IMAGEN', 1, '2024-03-22 11:11:00'),
(281, 111, 'MODELADO MUEBLES', 0, '2024-01-30 00:00:00'),
(282, 112, 'MUESTRA DE COLOR COROGRAPHIC-BOSQUE', 0, '2024-02-01 00:00:00'),
(283, 113, 'SEÑALETICA MOVILIDAD GARAJE EKOPARK ', 0, '2024-02-01 00:00:00'),
(284, 113, 'PILOTO SEÑALETICA EKOPARK', 0, '2024-02-01 00:00:00'),
(285, 113, 'A', 1, '0000-00-00 00:00:00'),
(286, 114, 'PROPUESTA ATM CRUZ AZUL MAGDALENA ', 0, '2024-02-01 00:00:00'),
(287, 114, 'OP ATM FARMACIA CRUZ AZUL MAGDALENA', 0, '2024-02-02 00:00:00'),
(288, 114, 'ATM MAGDALENA ', 0, '2024-02-15 00:00:00'),
(289, 114, 'ATM MAGDALENA2', 0, '2024-02-16 00:00:00'),
(290, 115, 'OP OVERHEAD CON IMÁN ', 0, '2024-02-02 00:00:00'),
(291, 116, 'SERVICIOS DE LOGÍSTICA', 0, '2024-02-02 00:00:00'),
(292, 117, 'LOGOTIPO GALPÓN  ', 0, '2024-02-01 00:00:00'),
(293, 117, 'OP VINILO LOGO GALPÓN', 0, '2024-02-02 00:00:00'),
(294, 117, 'REV MUESTRAS- VINILO LOGO OP ', 0, '2024-02-02 00:00:00'),
(295, 117, 'VINILO LOGO MARCO ', 0, '2024-02-26 00:00:00'),
(296, 117, 'VINILO LOGO MARCO2', 0, '2024-02-27 00:00:00'),
(297, 118, 'SEÑALETICA ÁREA RESTRINGIDA AG. SAN MARINO', 0, '2024-02-02 00:00:00'),
(298, 118, 'SEÑALETICA ÁREA RESTRINGIDA2 AG. SAN MARINO', 0, '2024-02-07 00:00:00'),
(299, 119, 'IMPLEMENTACIÓN GRÁFICA GYM SHAPE1 ', 1, '2024-02-07 00:00:00'),
(300, 119, 'IMPLEMENTACIÓN 1GYM SHAPE - UIO', 0, '2024-02-02 00:00:00'),
(301, 119, 'IMPLEMENTACIÓN 2GYM SHAPE - UIO', 0, '2024-02-07 00:00:00'),
(302, 119, 'REPOSICIÓN LOGO GYM SHAPE ', 0, '2024-02-21 00:00:00'),
(303, 120, 'OP MUPI ITB ', 0, '2024-02-05 00:00:00'),
(304, 120, 'MUESTRA DE COLOR ITB ', 0, '2024-02-05 00:00:00'),
(305, 120, 'OP MUPI1 ITB ', 0, '2024-02-07 00:00:00'),
(306, 121, 'MUESTRA DE COLOR COCA COLA ', 0, '2024-02-05 00:00:00'),
(307, 121, 'CARTELERÍA COCA COLA ', 0, '2024-02-07 00:00:00'),
(308, 122, 'TOTEM ADIDAS TERREX - DESARROLLO Y OP ', 0, '2024-02-05 00:00:00');


CREATE TABLE registros_disenio(
    rd_id INT UNSIGNED PRIMARY KEY AUTO_INCREMENT,
    od_id INT UNSIGNED NOT NULL,
    rd_diseniador VARCHAR(255) NOT NULL, /*cedula*/
    rd_detalle VARCHAR(255) NOT NULL,
    rd_hora_ini DATETIME NOT NULL,
    rd_hora_fin DATETIME NULL,
    rd_observaciones VARCHAR(255) NULL,
    rd_delete BOOLEAN DEFAULT 0,
    Foreign Key (od_id) REFERENCES orden_disenio(od_id)
        ON UPDATE RESTRICT
        ON DELETE RESTRICT
) ENGINE=InnoDB DEFAULT CHARSET=utf8mb4 COLLATE=utf8mb4_general_ci;

INSERT INTO `registros_disenio` (`rd_id`, `od_id`, `rd_diseniador`, `rd_detalle`, `rd_hora_ini`, `rd_hora_fin`, `rd_observaciones`, `rd_delete`) VALUES
(1, 1, '0953292034', 'PUNTO I', '2024-03-07 12:01:12', '2024-03-07 12:01:19', '', 0),
(2, 2, '0953292034', 'SEÑALÉTICA ASCENSOR', '2024-03-07 12:09:42', '2024-03-07 12:10:31', '', 0),
(4, 3, '0953292034', 'SEÑALÉTICA ASCENSOR', '2024-03-07 12:22:17', '2024-03-07 12:22:19', '', 0),
(5, 4, '0953292034', 'BOTONES DECORATIVOS AG. OTAVALO', '2024-03-07 12:58:41', '2024-03-07 12:58:57', '', 0),
(7, 5, '0951881408', 'PROPUESTA PARADERO KFC ACTUALIZACION', '2024-03-07 13:46:23', '2024-03-07 13:46:26', '', 0),
(8, 5, '0951881408', 'ACT PROPUESTA KFC', '2024-03-07 13:46:39', '2024-03-07 13:46:41', '', 0),
(9, 5, '0951881408', 'ACT PROPUESTA KFC', '2024-03-07 13:46:49', '2024-03-07 13:46:51', '', 0),
(10, 5, '0951881408', 'OP PARADERO KFC', '2024-03-07 13:47:04', '2024-03-07 13:48:39', '', 0),
(11, 6, '0951881408', 'LONA CAJA DE LUZ AG. MILAGRO', '2024-03-07 14:41:46', '2024-03-07 14:48:05', '', 0),
(12, 7, '0951881408', 'ORIGAMI ACRÍLICO', '2024-03-07 14:59:03', '2024-03-07 14:59:06', '', 0),
(13, 8, '0951881408', 'PROPUESTA RÓTULOS', '2024-03-07 15:32:13', '2024-03-07 15:32:40', '', 0),
(14, 9, '2100196472', 'REUNION EN SITIO', '2024-03-07 16:24:59', '2024-03-07 16:25:03', '', 0),
(15, 9, '2100196472', 'ACTUALIZACIÓN RÓTULOS COLGANTES', '2024-03-07 16:26:56', '2024-03-07 16:26:58', '', 0),
(16, 9, '2100196472', 'ACTUALIZACIÓN IMPLEMENTACIÓN', '2024-03-07 16:27:04', '2024-03-07 16:27:06', '', 0),
(17, 9, '2100196472', 'CAJAS DE LUZ TIPO BANDERA, DE DOBLE LADO', '2024-03-07 16:27:15', '2024-03-07 16:27:17', '', 0),
(18, 9, '2100196472', 'ACTUALIZACIÓN IMPLEMENTACIÓN', '2024-03-07 16:27:25', '2024-03-07 16:27:27', '', 0),
(19, 9, '2100196472', 'ARTES ROTULACIÓN', '2024-03-07 16:27:35', '2024-03-07 16:27:36', '', 0),
(20, 10, '0951881408', 'MUESTRA DE COLOR PANTENE', '2024-03-07 17:14:25', '2024-03-07 17:14:27', '', 0),
(21, 10, '0951881408', 'OP PE PANTENE', '2024-03-07 17:14:35', '2024-03-07 17:14:37', '', 0),
(22, 10, '0951881408', 'OP PANTENE', '2024-03-07 17:14:44', '2024-03-07 17:14:45', '', 0),
(23, 10, '0951881408', 'CARTELERÍA PANTENE', '2024-03-07 17:14:56', '2024-03-07 17:14:58', '', 0),
(24, 10, '0951881408', 'ARREGLO ARTES PE PANTENE', '2024-03-07 17:15:07', '2024-03-07 17:15:08', '', 0),
(25, 15, '2100196472', 'OP ROTULACIÓN', '2024-03-07 17:46:13', '2024-03-07 17:46:18', '', 0),
(26, 26, '0953292034', 'PROPUESTA ROTULACION VALLE CARAPUNGO', '2024-03-07 18:34:25', '2024-03-07 18:34:28', '', 0),
(27, 26, '0951881408', 'LONA', '2024-03-07 18:35:01', '2024-03-07 18:35:02', '', 0),
(28, 9, '1725302002', 'LEVANTAMIENTO', '2024-03-08 09:27:59', '2024-03-08 09:28:01', '', 0),
(34, 27, '0951881408', 'DESARROLLO FICHAS TÉCNICAS', '2024-03-08 12:44:48', '2024-03-08 12:44:51', '', 0),
(35, 28, '0951881408', 'CARTELERÍA KFC', '2024-03-08 12:46:59', '2024-03-08 12:47:01', '', 0),
(36, 29, '2100196472', 'PROPUESTA GRAFICA VIDRIO ', '2024-03-08 12:49:26', '2024-03-08 12:49:27', '', 0),
(37, 29, '2100196472', 'GRÁFICA FRENTE VIDRIADO ', '2024-03-08 12:49:33', '2024-03-08 12:49:34', '', 0),
(38, 30, '2100196472', 'CAMBIO LOGOS ADIDAS MS', '2024-03-08 12:50:35', '2024-03-08 12:50:36', '', 0),
(39, 31, '1723351076', 'ELEMENTOS AKI MÓVIL', '2024-03-08 12:51:43', '2024-03-08 12:51:44', '', 0),
(40, 32, '0953292034', 'SEÑALÉTICA ENTRADA PUERTA', '2024-03-08 12:52:59', '2024-03-08 12:53:00', '', 0),
(41, 33, '0953292034', 'ORIGAMI E INSTRUCTIVO ', '2024-03-08 12:53:56', '2024-03-08 12:53:57', '', 0),
(42, 34, '0953292034', 'COMPUERTAS MUEBLES DE PAN', '2024-03-08 12:54:32', '2024-03-08 12:54:34', '', 0),
(43, 35, '0951881408', 'ENERO', '2024-03-08 12:55:52', '2024-03-08 12:55:53', '', 0),
(44, 36, '0951881408', ' CARTELERÍA COMODINES', '2024-03-08 12:56:36', '2024-03-08 12:56:37', '', 0),
(45, 37, '1721403945', 'LOCAL SAN MARINO', '2024-03-08 12:57:56', '2024-03-08 12:57:58', '', 0),
(46, 37, '1721403945', 'SAN MARINO RÓTULOS EXTERIORES OP', '2024-03-08 12:58:05', '2024-03-08 12:58:06', '', 0),
(47, 38, '2100196472', 'MUEBLES DE PAN ', '2024-03-08 13:00:40', '2024-03-08 13:00:42', '', 0),
(48, 39, '2100196472', 'MUEBLES DE PAN CHIVIQUI', '2024-03-08 14:30:42', '2024-03-08 14:30:43', '', 0),
(49, 40, '0951881408', 'AGENCIA DIGITAL QUICENTRO NORTE', '2024-03-08 14:59:05', '2024-03-08 15:01:05', '', 0),
(50, 40, '0951881408', 'AGENCIA DIGITAL QUICENTRO NORTE', '2024-03-08 15:01:17', '2024-03-08 15:01:18', '', 0),
(51, 40, '0951881408', 'AGENCIA DIGITAL QUICENTRO NORTE', '2024-03-08 15:01:30', '2024-03-08 15:01:32', '', 0),
(52, 41, '1721403945', 'EL PORTAL ROTULACIÓN OP', '2024-03-08 16:02:40', '2024-03-08 16:02:41', '', 0),
(53, 41, '1721403945', 'INSPECCIÓN EL PORTAL', '2024-03-08 16:02:55', '2024-03-08 16:02:57', '', 0),
(54, 41, '1721403945', 'DETALLE DE ROTULO EXTERIOR Y VIDRIOS EL PORTAL ', '2024-03-08 16:03:25', '2024-03-08 16:03:26', '', 0),
(55, 41, '1721403945', 'HISTORIAL PORTAL RÓTULOS EXTERNOS', '2024-03-08 16:03:36', '2024-03-08 16:03:38', '', 0),
(56, 41, '1721403945', 'EL PORTAL NUEVO RÓTULO EXTERIOR', '2024-03-08 16:03:47', '2024-03-08 16:03:48', '', 0),
(57, 41, '1721403945', 'EL PORTAL RÓTULO EXTERIOR OP', '2024-03-08 16:04:05', '2024-03-08 16:04:06', '', 0),
(58, 41, '1721403945', 'ACT. OP PORTAL RÓTULO EXTERIOR', '2024-03-08 16:04:40', '2024-03-08 16:04:41', '', 0),
(59, 42, '0951881408', 'CUADROS A92', '2024-03-08 16:12:51', '2024-03-08 16:12:53', '', 0),
(60, 43, '2100196472', 'DESMONTAJE Y MONTAJE DE VIDRIO', '2024-03-08 16:23:00', '2024-03-08 16:23:03', '', 0),
(61, 44, '1721403945', 'ROTULACION NUEVA IMAGEN ', '2024-03-08 17:15:13', '2024-03-08 17:15:14', '', 0),
(62, 44, '1721403945', 'ROTULACION NUEVA IMAGEN ', '2024-03-08 17:15:23', '2024-03-08 17:15:24', '', 0),
(63, 45, '1721403945', 'CAMBIOS MALL DEL SOL Y MALL DEL PACÍFICO', '2024-03-08 17:23:17', '2024-03-08 17:23:18', '', 0),
(64, 45, '1721403945', 'MALL DEL PACÍFICO ROTULO EXTERIOR', '2024-03-08 17:23:28', '2024-03-08 17:23:29', '', 0),
(65, 45, '1721403945', 'MALL DEL PACÍFICO ROTULO MCX', '2024-03-08 17:24:10', '2024-03-08 17:24:12', '', 0),
(66, 45, '1721403945', 'MALL DEL PACÍFICO ROTULO MCX (2)', '2024-03-08 17:24:25', '2024-03-08 17:24:26', '', 0),
(67, 45, '1721403945', 'MALL DEL PACÍFICO OP', '2024-03-08 17:24:45', '2024-03-08 17:24:46', '', 0),
(68, 45, '1721403945', 'ACTUALIZACIÓN MALL DEL PACÍFICO', '2024-03-08 17:24:56', '2024-03-08 17:24:57', '', 0),
(69, 46, '2100196472', 'TOTEM LUMINOSO DE DOBLE LADO ', '2024-03-08 17:33:46', '2024-03-08 17:33:48', '', 0),
(70, 47, '2100196472', 'CAMBIO DE TRANSFORMADORES QUITO - AEROPUERTO TABABELA', '2024-03-08 17:36:54', '2024-03-08 17:36:56', '', 0),
(71, 48, '0953292034', 'CONCESIONARIO TULCÁN ROTULACION PRINCIPAL Y BANDERINES', '2024-03-08 17:57:39', '2024-03-08 17:57:40', '', 0),
(72, 48, '0953292034', 'CONCESIONARIO TULCÁN RAMPA Y TOTEM', '2024-03-08 17:57:51', '2024-03-08 17:57:54', '', 0),
(73, 48, '0953292034', 'CONCESIONARIO TULCÁN LONA', '2024-03-08 17:58:18', '2024-03-08 17:58:18', '', 0),
(74, 48, '0953292034', 'ACT TOTEM TULCÁN', '2024-03-08 17:58:24', '2024-03-08 17:58:25', '', 0),
(75, 51, '2100196472', 'MANTENIMIENTO ELÉCTRICO - KOBE RECREO', '2024-03-11 12:29:05', '2024-03-11 12:29:06', '', 0),
(76, 53, '0953292034', 'CONCESIONARIO ESMERALDAS ROTULACIÓN PRINCIPAL ', '2024-03-11 12:42:18', '2024-03-11 12:43:07', '', 0),
(77, 55, '0953292034', 'LONA CERRAMIENTO CEIBOS ', '2024-03-11 14:09:21', '2024-03-11 14:09:22', '', 0),
(78, 56, '2100196472', 'REPOSICIÓN DE BARREDERAS', '2024-03-11 14:26:38', '2024-03-11 14:26:48', 'GARANTÍA ', 0),
(79, 57, '0953292034', 'LINE UP WINDOW STICKER ', '2024-03-11 14:34:27', '2024-03-11 14:34:28', '', 0),
(80, 57, '0953292034', 'ACTUALIZACIÓN LINE UP WINDOW', '2024-03-11 14:34:35', '2024-03-11 14:34:49', '', 0),
(81, 58, '0953292034', 'SEÑALÉTICA INTERNA STO. DOMINGO', '2024-03-11 14:40:48', '2024-03-11 14:40:50', '', 0),
(82, 58, '0953292034', 'SEÑALÉTICA VENTANILLA Y ORIGAMI STO. DOMINGO ', '2024-03-11 14:41:00', '2024-03-11 14:41:01', '', 0),
(83, 59, '0953292034', 'LETRAS MUNDO POMASQUI', '2024-03-11 14:44:30', '2024-03-11 14:44:32', '', 0),
(84, 60, '2100196472', 'OP PANERAS Y BAGUETERAS ', '2024-03-11 14:50:34', '2024-03-11 14:50:35', '', 0),
(85, 61, '0951881408', 'CARTELERÍA CLARO DELIVERY', '2024-03-11 14:54:28', '2024-03-11 14:54:29', '', 0),
(86, 62, '1723351076', 'FABRICACIÓN TOTEM ', '2024-03-11 14:58:16', '2024-03-11 14:58:18', '', 0),
(88, 63, '0953292034', 'REPOSICIÓN MKT OVERHEADS WOMEN', '2024-03-11 15:08:56', '2024-03-11 15:08:57', '', 0),
(89, 64, '2100196472', 'PERFIL ACRÍLICO PARA BEBEDERO ', '2024-03-11 15:15:33', '2024-03-11 15:15:34', '', 0),
(90, 65, '1723351076', 'LONAS ', '2024-03-11 15:24:39', '2024-03-11 15:24:40', '', 0),
(91, 66, '0951881408', 'PROHIBITIVOS', '2024-03-11 15:27:47', '2024-03-11 15:27:48', '', 0),
(92, 67, '0951881408', 'ACT PROPUESTA SPLENDA SANTA MARIA ', '2024-03-11 15:31:01', '2024-03-11 15:31:02', '', 0),
(93, 67, '0951881408', 'ROMPETRAFICOS', '2024-03-11 15:31:08', '2024-03-11 15:31:09', '', 0),
(94, 68, '0953292034', 'SEÑALÉTICA CAJA CERRADA', '2024-03-11 15:35:37', '2024-03-11 15:35:38', '', 0),
(95, 69, '2100196472', 'PROPUESTA ROTULACIÓN - LAGO AGRIO', '2024-03-11 15:40:02', '2024-03-11 15:40:03', '', 0),
(96, 69, '2100196472', 'PROPUESTA ROTULACIÓN 2 - LAGO AGRIO', '2024-03-11 15:40:17', '2024-03-11 15:40:18', '', 0),
(97, 69, '2100196472', 'ACTUALIZACIÓN1 ROTULACIÓN', '2024-03-11 15:40:25', '2024-03-11 15:40:27', '', 0),
(98, 69, '2100196472', 'ACTUALIZACIÓN2 ROTULACIÓN', '2024-03-11 15:40:52', '2024-03-11 15:40:53', '', 0),
(99, 69, '2100196472', 'DESARROLLO TOTEM ', '2024-03-11 15:41:07', '2024-03-11 15:41:09', '', 0),
(100, 69, '2100196472', 'ROTULACIÓN - ACTUALIZACIÓN PLACA TOTEM', '2024-03-11 15:41:26', '2024-03-11 15:41:27', '', 0),
(101, 69, '1723351076', 'OP CAJA DE LUZ + TOTEM LAGO AGRIO ', '2024-03-11 15:41:53', '2024-03-11 15:41:54', '', 0),
(102, 70, '0951881408', 'ORIGAMI TOL ', '2024-03-11 15:46:02', '2024-03-11 15:46:03', '', 0),
(103, 71, '0953292034', 'IMPRESIÓN EN VINIL ', '2024-03-11 16:04:11', '2024-03-11 16:04:13', '', 0),
(104, 72, '0953292034', 'MUNDO AGENCIA KENNEDY', '2024-03-11 16:10:00', '2024-03-11 16:10:01', '', 0),
(105, 72, '0953292034', 'MUNDO AGENCIA KENNEDY', '2024-03-11 16:11:26', '2024-03-11 16:11:27', '', 0),
(106, 73, '0953292034', 'PERNO DECORATIVO ', '2024-03-11 16:52:59', '2024-03-11 16:53:00', '', 0),
(107, 74, '0951881408', 'ARREGLO ACRÍLICO PANERA', '2024-03-11 16:55:56', '2024-03-11 16:55:57', '', 0),
(108, 75, '0953292034', 'SEÑALÉTICA PREFERENCIAL', '2024-03-11 16:59:59', '2024-03-11 17:00:00', '', 0),
(109, 76, '0953292034', 'PROPUESTA2 ATM TUTI CHECA', '2024-03-11 17:04:19', '2024-03-11 17:04:20', '', 0),
(110, 76, '0953292034', 'PROPUESTA1 ATM TUTI CHECA', '2024-03-11 17:04:28', '2024-03-11 17:04:29', '', 0),
(111, 77, '0953292034', 'LONA CLEARANCE', '2024-03-11 17:07:16', '2024-03-11 17:07:17', '', 0),
(112, 78, '0951881408', 'PROPUESTA PARADERO AXE', '2024-03-11 17:11:42', '2024-03-11 17:11:43', '', 0),
(113, 78, '0951881408', 'ACT PROPUESTA AXE', '2024-03-11 17:11:49', '2024-03-11 17:11:50', '', 0),
(114, 78, '0951881408', 'MUESTRA DE COLOR AXE', '2024-03-11 17:11:56', '2024-03-11 17:11:57', '', 0),
(115, 78, '0951881408', 'ACT PROPUESTA AXE', '2024-03-11 17:12:29', '2024-03-11 17:12:31', '', 0),
(116, 78, '0951881408', 'OP PARADERO AXE', '2024-03-11 17:12:44', '2024-03-11 17:12:45', '', 0),
(117, 78, '0951881408', 'ARREGLO ARTES AXE PARA IMPRESIÓN ', '2024-03-11 17:13:08', '2024-03-11 17:13:09', '', 0),
(118, 79, '0953292034', 'SALE 60%', '2024-03-11 17:17:01', '2024-03-11 17:17:03', '', 0),
(119, 80, '0953292034', 'VINIL ESCALERA', '2024-03-11 17:18:51', '2024-03-11 17:18:52', '', 0),
(120, 81, '0951881408', 'RETIRO VINIL ESCALERA', '2024-03-11 17:22:59', '2024-03-11 17:23:00', '', 0),
(121, 82, '1725302002', 'OP HORNO PARA PARRILLA', '2024-03-11 17:27:00', '2024-03-11 17:27:01', '', 0),
(122, 83, '0953292034', 'SEÑALÉTICA CAJA CERRADA', '2024-03-11 17:41:35', '2024-03-11 17:41:37', '', 0),
(123, 84, '0953292034', 'OP SAN MARINO', '2024-03-11 17:52:01', '2024-03-11 17:52:02', '', 0),
(124, 85, '0951881408', 'CARTELERÍA  ', '2024-03-12 14:11:48', '2024-03-12 14:11:49', '', 0),
(125, 85, '0951881408', 'CARTELERÍA ', '2024-03-12 14:11:55', '2024-03-12 14:11:56', '', 0),
(126, 85, '0951881408', 'CARTELERÍA  ', '2024-03-12 14:13:12', '2024-03-12 14:13:13', '', 0),
(127, 86, '0953292034', 'PROPUESTA RUMA PRIMAX PLAYER 00', '2024-03-12 14:34:23', '2024-03-12 14:34:24', '', 0),
(128, 86, '0953292034', 'OP RUMA PRIMAX PLAYER 0.0 ', '2024-03-12 14:34:30', '2024-03-12 14:34:31', '', 0),
(129, 87, '0951881408', 'CARTELERÍA MCDONALD', '2024-03-12 14:47:33', '2024-03-12 14:47:34', '', 0),
(130, 88, '0951881408', 'CARTELERÍA MCDONALD', '2024-03-12 14:49:20', '2024-03-12 14:49:22', '', 0),
(131, 89, '0951881408', 'PROPUESTA CAJA DE LUZ PURUHA ', '2024-03-12 14:55:10', '2024-03-12 14:55:12', '', 0),
(132, 90, '0951881408', 'MUESTRA DE COLOR COROGRAPHIC', '2024-03-12 15:10:03', '2024-03-12 15:10:04', '', 0),
(133, 90, '0951881408', 'IMPRESIÓN COROGRAPHIC', '2024-03-12 15:10:10', '2024-03-12 15:10:11', '', 0),
(134, 91, '0953292034', 'SEÑALÉTICA VENTANILLA-AG. EL PORTAL TRADICIONAL', '2024-03-12 15:13:18', '2024-03-12 15:13:19', '', 0),
(135, 92, '2100196472', 'CAMPAÑA PREDATOR - REVISIÓN DE GUIA', '2024-03-12 16:08:37', '2024-03-12 16:08:38', '', 0),
(136, 92, '2100196472', 'CAMPAÑA PREDATOR - REVISIÓN DE GUIA', '2024-03-12 16:12:33', '2024-03-12 16:12:35', '', 0),
(137, 92, '2100196472', 'REUNIÓN DE TRABAJO CON EL CLIENTE - TEAMS', '2024-03-12 16:20:25', '2024-03-12 16:20:27', '', 0),
(138, 92, '2100196472', 'DESARROLLO Y PRESENTACIÓN ', '2024-03-12 16:21:08', '2024-03-12 16:21:09', '', 0),
(139, 92, '2100196472', 'DESARROLLO Y PRESENTACIÓN ', '2024-03-12 16:21:27', '2024-03-12 16:21:29', '', 0),
(140, 92, '2100196472', 'DESARROLLO Y PRESENTACIÓN ', '2024-03-12 16:21:35', '2024-03-12 16:21:36', '', 0),
(141, 92, '2100196472', 'DESARROLLO Y PRESENTACIÓN ', '2024-03-12 16:23:13', '2024-03-12 16:23:15', '', 0),
(142, 92, '2100196472', 'DESARROLLO ZONA DE LANZAMIENTO Y VITRINAS ', '2024-03-12 16:23:54', '2024-03-12 16:23:56', '', 0),
(143, 92, '2100196472', 'REUNIÓN CAMPAÑA PREDATOR ', '2024-03-12 16:30:37', '2024-03-12 16:30:38', '', 0),
(144, 92, '2100196472', 'ACTUALIZACIÓN PROPUESTA PREDATOR ', '2024-03-12 16:30:59', '2024-03-12 16:31:00', '', 0),
(145, 92, '2100196472', 'ACTUALIZACIÓN PROPUESTA PREDATOR ', '2024-03-12 16:31:09', '2024-03-12 16:31:10', '', 0),
(146, 92, '2100196472', 'OP-CAMPAÑA PREDATOR - MUESTRAS ', '2024-03-12 16:31:42', '2024-03-12 16:31:43', '', 0),
(147, 92, '2100196472', 'OP-CAMPAÑA PREDATOR - MUESTRAS ', '2024-03-12 16:32:01', '2024-03-12 16:32:02', '', 0),
(148, 92, '2100196472', 'OP-CAMPAÑA PREDATOR  ', '2024-03-12 16:32:42', '2024-03-12 16:32:42', '', 0),
(149, 92, '2100196472', 'OP-CAMPAÑA PREDATOR  ', '2024-03-12 16:32:57', '2024-03-12 16:32:58', '', 0),
(150, 92, '2100196472', 'OP-CAMPAÑA PREDATOR  ', '2024-03-12 16:33:13', '2024-03-12 16:33:15', '', 0),
(151, 92, '2100196472', 'OP-CAMPAÑA PREDATOR  ', '2024-03-12 16:33:34', '2024-03-12 16:33:36', '', 0),
(152, 92, '2100196472', 'OP-CAMPAÑA PREDATOR  ', '2024-03-12 16:34:05', '2024-03-12 16:34:06', '', 0),
(153, 92, '2100196472', 'OP-CAMPAÑA PREDATOR  ', '2024-03-12 16:34:25', '2024-03-12 16:34:26', '', 0),
(154, 92, '1725302002', 'MALLA PARA ARCO 3D', '2024-03-12 16:35:16', '2024-03-12 16:35:17', '', 0),
(155, 92, '1725302002', 'VITRINAS MS EL RECREO', '2024-03-12 16:37:39', '2024-03-12 16:37:40', '', 0),
(156, 92, '1725302002', 'VITRINAS MS SCALA', '2024-03-12 16:42:13', '2024-03-12 16:42:13', '', 0),
(157, 92, '1725302002', 'VITRINAS MS CONDADO ', '2024-03-12 16:43:11', '2024-03-12 16:43:13', '', 0),
(158, 92, '1725302002', 'VITRINAS MS DORADO ', '2024-03-12 16:43:36', '2024-03-12 16:43:37', '', 0),
(159, 92, '1725302002', 'VITRINAS MS MALL DEL PACÍFICO ', '2024-03-12 16:44:04', '2024-03-12 16:44:05', '', 0),
(160, 92, '1725302002', 'VITRINA MS QUICENTRO SUR ', '2024-03-12 16:44:28', '2024-03-12 16:44:29', '', 0),
(161, 92, '1725302002', 'ZONA DE LANZAMIENTO MID ', '2024-03-12 16:44:57', '2024-03-12 16:44:58', '', 0),
(162, 92, '1723351076', 'REVISION CAMPAÑA ', '2024-03-12 16:46:29', '2024-03-12 16:46:30', '', 0),
(163, 92, '1723351076', 'PLANTILLAS PARED CALZADO OP ADIDAS JARDIN ', '2024-03-12 16:46:52', '2024-03-12 16:46:53', '', 0),
(164, 92, '1723351076', 'PLANTILLAS PARED CALZADO OP ADIDAS JARDIN ', '2024-03-12 16:47:12', '2024-03-12 16:47:13', '', 0),
(165, 92, '1723351076', 'PLANTILLAS PARED CALZADO OP ADIDAS CONDADO ', '2024-03-12 16:47:56', '2024-03-12 16:47:57', '', 0),
(166, 92, '1723351076', 'PLANTILLAS PARED CALZADO OP ADIDAS MALL DEL SOL ', '2024-03-12 16:48:15', '2024-03-12 16:48:17', '', 0),
(167, 92, '1723351076', 'PLANTILLAS PARED CALZADO OP ADIDAS SCALA ', '2024-03-12 16:48:33', '2024-03-12 16:48:33', '', 0),
(168, 92, '1723351076', 'PLANTILLAS PARED CALZADO OP ADIDAS MALL DEL RÍO', '2024-03-12 16:49:18', '2024-03-12 16:49:20', '', 0),
(169, 92, '1723351076', 'PLANTILLAS PARED CALZADO OP ADIDAS VILLAGE ', '2024-03-12 16:49:40', '2024-03-12 16:49:41', '', 0),
(170, 92, '1723351076', 'PLANTILLAS CAJA PARED CALZADO OP ADIDAS MS QN ', '2024-03-12 16:50:50', '2024-03-12 16:50:52', '', 0),
(171, 92, '1723351076', 'PLANTILLAS CAJA PARED CALZADO OP ADIDAS MS LOCALES ', '2024-03-12 16:51:12', '2024-03-12 16:51:14', '', 0),
(172, 92, '1723351076', '3D VITRINA OP ADIDAS MS QS ', '2024-03-12 16:52:13', '2024-03-12 16:52:15', '', 0),
(173, 92, '1723351076', 'PLANTILLAS VITRINA OP ADIDAS MS MALL DEL SOL', '2024-03-12 16:52:45', '2024-03-12 16:52:46', '', 0),
(174, 92, '1723351076', 'PLANTILLAS VITRINA OP ADIDAS MS QUICENTRO NORTE ', '2024-03-12 16:55:03', '2024-03-12 16:55:04', '', 0),
(175, 92, '1723351076', 'PLANTILLAS VITRINA OP ADIDAS MS QUICENTRO NORTE ', '2024-03-12 16:55:15', '2024-03-12 16:55:16', '', 0),
(176, 92, '1723351076', 'PLANTILLAS ZONA DE LANZAMIENTO OP ADIDAS ', '2024-03-12 16:55:51', '2024-03-12 16:55:52', '', 0),
(177, 92, '1723351076', 'PLANTILLAS ZONA DE LANZAMIENTO OP ADIDAS MS ', '2024-03-12 16:58:44', '2024-03-12 16:58:45', '', 0),
(178, 92, '1723351076', 'IMÁGENES Y ARTES PARA CAMPAÑA', '2024-03-12 16:58:58', '2024-03-12 16:58:59', '', 0),
(179, 92, '1723351076', 'IMÁGENES Y ARTES PARA CAMPAÑA ', '2024-03-12 16:59:12', '2024-03-12 16:59:13', '', 0),
(180, 92, '1723351076', 'IMÁGENES Y ARTES PARA CAMPAÑA ', '2024-03-12 16:59:27', '2024-03-12 16:59:29', '', 0),
(181, 92, '1723351076', 'OP VITRINA ADIDAS MS QUICENTRO ', '2024-03-12 17:00:15', '2024-03-12 17:00:16', '', 0),
(182, 92, '1723351076', 'OP VITRINA ADIDAS MS RECREO ', '2024-03-12 17:00:29', '2024-03-12 17:00:30', '', 0),
(183, 92, '1723351076', 'OP VITRINA ADIDAS MS SCALA ', '2024-03-12 17:00:58', '2024-03-12 17:00:59', '', 0),
(184, 92, '1721403945', 'REVISION CAMPAÑA PREDATOR  ', '2024-03-12 17:02:17', '2024-03-12 17:02:18', '', 0),
(185, 92, '1721403945', 'REVISION CAMPAÑA PREDATOR  ', '2024-03-12 17:04:53', '2024-03-12 17:04:54', '', 0),
(186, 92, '1721403945', 'REUNIÓN REVISION CAMPAÑA', '2024-03-12 17:05:06', '2024-03-12 17:05:07', '', 0),
(187, 92, '1721403945', 'DESARROLLO LAUNCH ZONE TOP ', '2024-03-12 17:05:25', '2024-03-12 17:05:25', '', 0),
(188, 92, '1721403945', 'DESARROLLO LAUNCH ZONE ', '2024-03-12 17:05:42', '2024-03-12 17:05:43', '', 0),
(189, 95, '0951881408', 'PROPUESTA MUNDO SAN MARINO ', '2024-03-13 08:31:35', '2024-03-13 08:31:36', '', 0),
(190, 96, '2100196472', 'MANTENIMIENTO ELÉCTRICO ', '2024-03-13 08:36:56', '2024-03-13 08:36:57', '', 0),
(191, 97, '0953292034', 'SEÑALETICA INTERNA ÁREA ASCENSOR AG. NORTE', '2024-03-13 08:41:04', '2024-03-13 08:41:05', '', 0),
(192, 97, '0953292034', 'SEÑALÉTICA INTERNA ASCENSOR 2 AG. NORTE', '2024-03-13 08:41:10', '2024-03-13 08:41:11', '', 0),
(193, 97, '0953292034', 'SEÑALÉTICA INTERNA ELEVADOR', '2024-03-13 08:41:18', '2024-03-13 08:41:19', '', 0),
(201, 98, '1721403945', 'MALL DEL SOL ROTULO EXTERIOR ', '2024-03-13 14:58:52', '2024-03-13 14:58:53', '', 0),
(202, 98, '1721403945', 'LOCAL MALL DEL SOL CAMBIOS ', '2024-03-13 14:59:00', '2024-03-13 14:59:01', '', 0),
(203, 98, '1721403945', 'MALL DEL SOL COMPILADO', '2024-03-13 14:59:09', '2024-03-13 14:59:10', '', 0),
(204, 98, '1721403945', 'MALL DEL SOL OP', '2024-03-13 14:59:24', '2024-03-13 14:59:25', '', 0),
(205, 99, '0951881408', 'CARTELERÍA UESS', '2024-03-13 15:11:20', '2024-03-13 15:11:21', '', 0),
(206, 100, '0953292034', 'ESMERILADO AG. PORTOVIEJO', '2024-03-13 15:24:51', '2024-03-13 15:24:53', '', 0),
(207, 100, '0953292034', 'ESMERILADO AG. PORTOVIEJO', '2024-03-13 15:24:58', '2024-03-13 15:24:59', '', 0),
(208, 101, '1721403945', 'MALL DEL NORTE - GARANTIA RÓTULO', '2024-03-13 15:43:20', '2024-03-13 15:43:21', '', 0),
(209, 102, '0951881408', 'PROPUESTA CORNETTO ', '2024-03-13 15:59:18', '2024-03-13 15:59:19', '', 0),
(210, 102, '0951881408', 'ACT PROPUESTA CORNETTO  ', '2024-03-13 15:59:25', '2024-03-13 15:59:26', '', 0),
(211, 102, '0951881408', 'OP DE PROPUESTAS CORNETTO ', '2024-03-13 15:59:31', '2024-03-13 15:59:32', '', 0),
(212, 103, '0951881408', 'PROPUESTA PARADERO SAPOLIO ', '2024-03-13 16:03:09', '2024-03-13 16:03:10', '', 0),
(213, 103, '0951881408', 'ACT PROPUESTA SAPOLIO ', '2024-03-13 16:03:17', '2024-03-13 16:03:19', '', 0),
(214, 104, '0951881408', 'PROPUESTA PARADERO SUPERMAXI-MEGAMAXI ', '2024-03-13 16:05:38', '2024-03-13 16:05:39', '', 0),
(215, 105, '0951881408', 'CARTELERIA LA ROTONDA ', '2024-03-13 16:50:41', '2024-03-13 16:50:42', '', 0),
(216, 106, '0953292034', 'SEÑALÉTICA SUC. MAYOR GYE', '2024-03-13 17:02:40', '2024-03-13 17:02:42', '', 0),
(217, 107, '1723351076', 'OP RETIRO RÓTULO ELOY ALFARO ', '2024-03-13 17:08:16', '2024-03-13 17:08:17', '', 0),
(218, 109, '0951881408', 'MUESTRA DE COLOR BIMBO ', '2024-03-15 11:06:22', '2024-03-15 11:06:30', '', 0),
(219, 109, '0951881408', 'MUESTRA DE COLOR BIMBO 2 ', '2024-03-15 11:06:51', '2024-03-15 11:06:52', '', 0),
(220, 110, '0953292034', 'PROPUESTA SEÑALÉTICA QUICENTRO NORTE ', '2024-03-15 14:31:41', '2024-03-15 14:31:43', '', 0),
(221, 111, '0953292034', 'MODELADO MUEBLES', '2024-03-20 11:49:18', '2024-03-20 11:49:21', '', 0),
(222, 112, '0951881408', 'MUESTRA DE COLOR COROGRAPHIC-BOSQUE', '2024-03-20 12:35:28', '2024-03-20 12:35:29', '', 0),
(223, 113, '0953292034', 'SEÑALETICA MOVILIDAD GARAJE EKOPARK ', '2024-03-20 14:58:44', '2024-03-20 14:58:45', '', 0),
(224, 113, '0953292034', 'PILOTO SEÑALETICA EKOPARK', '2024-03-20 14:58:52', '2024-03-20 14:59:38', '', 0),
(225, 113, '0953292034', 'SEÑALETICA MOVILIDAD GARAJE EKOPARK ', '2024-03-20 15:00:10', '2024-03-20 15:00:11', '', 0),
(226, 113, '0953292034', 'PILOTO SEÑALETICA EKOPARK', '2024-03-20 15:00:19', '2024-03-20 15:00:20', '', 0),
(227, 114, '0953292034', 'PROPUESTA ATM CRUZ AZUL MAGDALENA ', '2024-03-20 15:53:08', '2024-03-20 15:53:10', '', 0),
(228, 114, '0953292034', 'OP ATM FARMACIA CRUZ AZUL MAGDALENA', '2024-03-20 15:53:15', '2024-03-20 15:53:16', '', 0),
(229, 114, '0953292034', 'ATM MAGDALENA ', '2024-03-20 15:53:23', '2024-03-20 15:53:24', '', 0),
(230, 114, '0953292034', 'ATM MAGDALENA2', '2024-03-20 15:53:36', '2024-03-20 15:53:37', '', 0),
(231, 115, '0953292034', 'OP OVERHEAD CON IMÁN ', '2024-03-20 15:58:47', '2024-03-20 15:58:48', '', 0),
(232, 116, '0953292034', 'SERVICIOS DE LOGÍSTICA', '2024-03-20 16:02:14', '2024-03-20 16:02:16', '', 0),
(233, 117, '1721403945', 'LOGOTIPO GALPÓN  ', '2024-03-20 16:17:19', '2024-03-20 16:17:20', '', 0),
(234, 117, '1721403945', 'OP VINILO LOGO GALPÓN', '2024-03-20 16:17:26', '2024-03-20 16:17:27', '', 0),
(235, 117, '1721403945', 'REV MUESTRAS- VINILO LOGO OP ', '2024-03-20 16:17:36', '2024-03-20 16:17:38', '', 0),
(236, 117, '1721403945', 'VINILO LOGO MARCO ', '2024-03-20 16:17:54', '2024-03-20 16:17:55', '', 0),
(237, 117, '1721403945', 'VINILO LOGO MARCO ', '2024-03-20 16:18:05', '2024-03-20 16:18:06', '', 0),
(238, 117, '1721403945', 'VINILO LOGO MARCO2', '2024-03-20 16:18:20', '2024-03-20 16:18:21', '', 0),
(239, 118, '0953292034', 'SEÑALETICA ÁREA RESTRINGIDA AG. SAN MARINO', '2024-03-20 16:27:03', '2024-03-20 16:27:04', '', 0),
(240, 118, '0953292034', 'SEÑALETICA ÁREA RESTRINGIDA2 AG. SAN MARINO', '2024-03-20 16:27:14', '2024-03-20 16:27:16', '', 0),
(241, 119, '2100196472', 'IMPLEMENTACIÓN 1GYM SHAPE - UIO', '2024-03-20 16:36:11', '2024-03-20 16:36:12', '', 0),
(242, 119, '2100196472', 'IMPLEMENTACIÓN 2GYM SHAPE - UIO', '2024-03-20 16:36:19', '2024-03-20 16:36:21', '', 0),
(243, 119, '2100196472', 'REPOSICIÓN LOGO GYM SHAPE ', '2024-03-20 16:36:26', '2024-03-20 16:36:27', '', 0),
(244, 119, '2100196472', 'IMPLEMENTACIÓN 1GYM SHAPE - UIO', '2024-03-20 16:40:01', '2024-03-20 16:40:02', '', 0),
(245, 119, '2100196472', 'IMPLEMENTACIÓN 1GYM SHAPE - UIO', '2024-03-20 16:40:43', '2024-03-20 16:40:44', '', 0),
(246, 120, '0951881408', 'OP MUPI ITB ', '2024-03-20 16:51:14', '2024-03-20 16:51:17', '', 0),
(247, 120, '0951881408', 'MUESTRA DE COLOR ITB ', '2024-03-20 16:51:29', '2024-03-20 16:51:30', '', 0),
(248, 120, '0951881408', 'OP MUPI1 ITB ', '2024-03-20 16:51:57', '2024-03-20 16:51:58', '', 0),
(249, 121, '0953292034', 'MUESTRA DE COLOR COCA COLA ', '2024-03-20 17:02:02', '2024-03-20 17:02:03', '', 0),
(250, 121, '0953292034', 'CARTELERÍA COCA COLA ', '2024-03-20 17:02:14', '2024-03-20 17:02:15', '', 0),
(251, 122, '2100196472', 'TOTEM ADIDAS TERREX - DESARROLLO Y OP ', '2024-03-20 17:06:47', '2024-03-20 17:06:48', '', 0);


CREATE TABLE ciudad_produccion (
    lu_id INT UNSIGNED PRIMARY KEY AUTO_INCREMENT,
    lu_ciudad VARCHAR(255) NOT NULL
) ENGINE=InnoDB DEFAULT CHARSET=utf8mb4 COLLATE=utf8mb4_general_ci;
INSERT INTO `ciudad_produccion` (`lu_id`, `lu_ciudad`) VALUES
(1, 'QUITO'),
(2, 'GUAYAQUIL');

CREATE TABLE op (
    op_id INT UNSIGNED PRIMARY KEY AUTO_INCREMENT,
    od_id INT UNSIGNED NOT NULL,
    lu_id INT UNSIGNED NOT NULL,
    op_ciudad VARCHAR(255) NOT NULL,
    op_registro DATETIME DEFAULT CURRENT_TIMESTAMP NOT NULL,
    op_direccionLocal VARCHAR(255) NOT NULL,
    op_personaContacto VARCHAR(255) NOT NULL,
    op_telefono VARCHAR(255) NOT NULL,
    op_estado ENUM("OP CREADA", "EN PRODUCCION", "OP PAUSADA", "OP FINALIZADA", "OP ANULADA", "EN COBRANZA", "PRODUCCION GUAYAQUIL") NOT NULL,
    op_reproceso BOOLEAN NOT NULL, /* 0 nada 1 reproceso */
    op_porcentaje DECIMAL(5, 2) UNSIGNED NULL,
    op_notiProFecha TIMESTAMP NULL, /* fecha de notificacion de produccion */
    op_fechaFinalizacion DATETIME NULL,
    Foreign Key (od_id) REFERENCES orden_disenio(od_id)
        ON UPDATE RESTRICT
        ON DELETE RESTRICT,
    Foreign Key (lu_id) REFERENCES ciudad_produccion(lu_id)
        ON UPDATE RESTRICT
        ON DELETE RESTRICT,
    CHECK (op_porcentaje <= 100)
)AUTO_INCREMENT = 11234 ENGINE=InnoDB DEFAULT CHARSET=utf8mb4 COLLATE=utf8mb4_general_ci;

INSERT INTO `op` (`op_id`, `od_id`, `lu_id`, `op_ciudad`, `op_registro`, `op_direccionLocal`, `op_personaContacto`, `op_telefono`, `op_estado`, `op_reproceso`, `op_porcentaje`, `op_notiProFecha`, `op_fechaFinalizacion`) VALUES
(11234, 1, 1, 'GUAYAQUIL', '2024-03-07 12:38:07', 'AGENCIA CENTRO', 'BELEN CORAL', '0984520220', 'OP CREADA', 0, NULL, NULL, NULL),
(11235, 2, 2, 'QUITO', '2024-03-07 12:45:36', 'AGENCIA QUICENTRO NORTE', 'BELEN CORAL', '0984520220', 'OP CREADA', 0, NULL, NULL, NULL),
(11236, 3, 1, 'QUITO', '2024-03-07 12:52:01', 'AGENCIA NORTE', 'BELEN CORAL', '0984520220', 'OP CREADA', 0, NULL, NULL, NULL),
(11237, 4, 1, 'OTAVALO', '2024-03-07 13:01:44', 'AGENCIA PRINCIPAL OTAVALO', 'BELEN CORAL', '0984520220', 'OP CREADA', 0, NULL, NULL, NULL),
(11238, 5, 1, 'GUAYAQUIL', '2024-03-07 14:35:52', 'JCDECAUX GYE', 'ALISON TORRES', '0987254764', 'OP CREADA', 0, NULL, NULL, NULL),
(11239, 6, 2, 'MILAGRO', '2024-03-07 14:52:28', 'AGENCIA MILAGRO', 'BELEN CORAL', '0984520220', 'OP CREADA', 0, NULL, NULL, NULL),
(11240, 7, 1, 'BAÑOS', '2024-03-07 15:25:48', 'TOMAS HALFLANTS N6-40 ENTRE AMBATO Y ORIENTE', 'BELEN CORAL', '0984520220', 'OP CREADA', 0, NULL, NULL, NULL),
(11241, 8, 1, 'GUAYAQUIL', '2024-03-07 15:41:25', 'VIA CIUDAD CELESTE', 'SD', '0000000000', 'OP CREADA', 0, NULL, NULL, NULL),
(11242, 9, 1, 'PUEMBO', '2024-03-07 16:34:58', 'PUEMBO', 'NADER HADWEH', '0999701702', 'OP CREADA', 0, NULL, NULL, NULL),
(11243, 10, 1, 'GUAYAQUIL', '2024-03-07 17:20:29', 'JCDECAUX GYE', 'SD', '0000000000', 'OP CREADA', 0, NULL, NULL, NULL),
(11244, 11, 1, 'GUAYAQUIL', '2024-03-07 17:25:39', 'PLAZA LAGOS A92', 'SD', '0000000000', 'OP CREADA', 0, NULL, NULL, NULL),
(11245, 12, 1, 'QUITO', '2024-03-07 17:29:47', 'SUPERMAXI SAN GABRIEL UIO', 'MATEO CLONARES', '0992726428', 'OP CREADA', 0, NULL, NULL, NULL),
(11246, 13, 1, 'GUAYAQUIL', '2024-03-07 17:35:29', 'JCDECAUX GYE', 'SD', '0000000000', 'OP CREADA', 0, NULL, NULL, NULL),
(11247, 14, 1, 'GUAYAQUIL', '2024-03-07 17:43:40', 'JCDECAUX GYE', 'SD', '0000000000', 'OP CREADA', 0, NULL, NULL, NULL),
(11248, 15, 1, 'QUITO', '2024-03-07 17:47:54', 'AV. OSWALDO GUAYASAMÍN - CUMBAYA', 'NATALIA MC LEAN', '0999461505', 'OP CREADA', 0, NULL, NULL, NULL),
(11249, 16, 2, 'GUAYAQUIL', '2024-03-07 17:50:52', 'PLAZA SEVILLA', 'SD', '0000000000', 'OP CREADA', 0, NULL, NULL, NULL),
(11250, 17, 2, 'GUAYAQUIL', '2024-03-07 17:57:17', 'JCDECAUX GYE', 'SD', '0000000000', 'OP CREADA', 0, NULL, NULL, NULL),
(11251, 18, 1, 'QUITO', '2024-03-07 18:00:25', 'QUICENTRO NORTE', 'SD', '0000000000', 'OP CREADA', 0, NULL, NULL, NULL),
(11252, 19, 1, 'VARIOS DESTINOS', '2024-03-07 18:03:55', 'VARIOS DESTINOS', 'RAFAEL APUNTE', '0987024375', 'OP CREADA', 0, NULL, NULL, NULL),
(11253, 20, 2, 'GUAYAQUIL', '2024-03-07 18:08:23', 'JCDECAUX GYE', 'SD', '0000000000', 'OP CREADA', 0, NULL, NULL, NULL),
(11254, 21, 1, 'GUAYAQUIL', '2024-03-07 18:11:44', 'ALMAX', 'SD', '0000000000', 'OP CREADA', 0, NULL, NULL, NULL),
(11255, 22, 1, 'QUITO', '2024-03-07 18:14:58', 'QUITO-UDLA PARC', 'SD', '0000000000', 'OP CREADA', 0, NULL, NULL, NULL),
(11256, 23, 1, 'QUITO', '2024-03-07 18:20:03', 'QUITO-UDLA PARC', 'SD', '0000000000', 'OP CREADA', 0, NULL, NULL, NULL),
(11257, 24, 1, 'VARIOS DESTINOS', '2024-03-07 18:23:37', 'VARIOS DESTINOS', 'SD', '0000000000', 'OP CREADA', 0, NULL, NULL, NULL),
(11258, 25, 2, 'GUAYAQUIL', '2024-03-07 18:28:59', 'JCDECAUX GYE', 'DEYANIRA', '0000000000', 'OP CREADA', 0, NULL, NULL, NULL),
(11259, 26, 1, 'QUITO', '2024-03-07 18:43:54', 'GUAMANÍ ', 'SD', '0000000000', 'OP CREADA', 0, NULL, NULL, NULL),
(11260, 27, 1, 'GUAYAQUIL', '2024-03-07 18:49:17', 'JCDECAUX GYE', 'SD', '0000000000', 'OP CREADA', 0, NULL, NULL, NULL),
(11261, 28, 2, 'GUAYAQUIL', '2024-03-07 18:51:32', 'JCDECAUX GYE', 'SD', '0000000000', 'OP CREADA', 0, NULL, NULL, NULL),
(11262, 29, 1, 'QUITO', '2024-03-07 19:03:17', 'UIDE - UIO', 'ERIKA VELASTEGUI ', '0999245913', 'OP CREADA', 0, NULL, NULL, NULL),
(11263, 30, 1, 'VARIOS DESTINOS', '2024-03-07 19:08:09', 'VARIOS DESTINOS', 'MARIA CARIDAD NAVARRO', '0995755990', 'OP CREADA', 0, NULL, NULL, NULL),
(11264, 31, 1, 'QUITO', '2024-03-07 19:16:54', 'UIO', 'MATEO CLONARES', '0992726428', 'OP CREADA', 0, NULL, NULL, NULL),
(11265, 32, 2, 'GUAYAQUIL', '2024-03-07 19:19:49', 'SERVIPAGOS DURAN', 'BELEN CORAL', '0984520220', 'OP CREADA', 0, NULL, NULL, NULL),
(11266, 33, 1, 'QUITO', '2024-03-07 19:22:04', 'ATM SUPER AKI SAN ANTONIO', 'BELEN CORAL', '0984520220', 'OP CREADA', 0, NULL, NULL, NULL),
(11267, 34, 1, 'QUITO', '2024-03-07 19:24:50', 'SUPERMAXI PANAMÁ', 'SD', '0000000000', 'OP CREADA', 0, NULL, NULL, NULL),
(11268, 35, 1, 'VARIOS DESTINOS', '2024-03-07 19:28:39', 'VARIOS DESTINOS', 'SD', '0000000000', 'OP CREADA', 0, NULL, NULL, NULL),
(11269, 36, 2, 'GUAYAQUIL', '2024-03-08 08:29:43', 'JCDECAUX GYE', 'DAVID LUGO', '0000000000', 'OP CREADA', 0, NULL, NULL, NULL),
(11270, 37, 1, 'GUAYAQUIL', '2024-03-08 09:15:44', 'SAN MARINO', 'SD', '0000000000', 'OP CREADA', 0, NULL, NULL, NULL),
(11271, 38, 1, 'QUITO', '2024-03-08 11:23:10', 'CD AMAGUANA-CHIVIQUI', 'DSADSADSAD', '0000000000', 'OP CREADA', 0, NULL, NULL, NULL),
(11272, 39, 1, 'QUITO', '2024-03-08 14:54:22', 'CD AMAGUAÑA-MACHALA', 'SD', '0000000000', 'OP CREADA', 0, NULL, NULL, NULL),
(11273, 40, 1, 'QUITO', '2024-03-08 15:59:07', 'QUICENTRO NORTE', 'BELEN CORAL', '0984520220', 'OP CREADA', 0, NULL, NULL, NULL),
(11274, 41, 1, 'QUITO', '2024-03-08 16:10:36', 'QUITO PORTAL', 'SD', '0000000000', 'OP CREADA', 0, NULL, NULL, NULL),
(11275, 42, 1, 'GUAYAQUIL', '2024-03-08 16:21:29', 'PLAZA LAGOS A92', 'SD', '0000000000', 'OP CREADA', 0, NULL, NULL, NULL),
(11276, 43, 1, 'QUITO', '2024-03-08 16:58:32', 'OFICINAS QUITO', 'DIANA MURCIA', '0968527145', 'OP CREADA', 0, NULL, NULL, NULL),
(11277, 44, 1, 'MANTA', '2024-03-08 17:18:16', 'MANTA MALL DEL PACÍFICO', 'SD', '0000000000', 'OP CREADA', 0, NULL, NULL, NULL),
(11278, 45, 1, 'MANTA', '2024-03-08 17:29:58', 'MALL DEL PACÍFICO', 'SD', '0000000000', 'OP CREADA', 0, NULL, NULL, NULL),
(11279, 46, 1, 'QUITO', '2024-03-08 17:35:46', 'EL CICLISTA', 'EMILY ZUÑIGA', '0994831116', 'OP CREADA', 0, NULL, NULL, NULL),
(11280, 47, 1, 'QUITO', '2024-03-08 17:55:29', 'AEROPUERTO TABABELA', 'EDWIN CABRERA', '0982646412', 'OP CREADA', 0, NULL, NULL, NULL),
(11281, 48, 1, 'TULCÁN', '2024-03-08 18:00:31', 'CONCESIONARIO TULCAN', 'TAUFIK', '0000000000', 'OP CREADA', 0, NULL, NULL, NULL),
(11282, 51, 1, 'QUITO', '2024-03-11 12:31:16', 'KOBE LE RECREO ', 'SD', '0000000000', 'OP CREADA', 0, NULL, NULL, NULL),
(11283, 52, 1, 'QUITO', '2024-03-11 12:38:56', 'PLAZA LAS AMERICAS ', 'SD', '0000000000', 'OP CREADA', 0, NULL, NULL, NULL),
(11284, 53, 1, 'ESMERALDAS', '2024-03-11 12:45:03', 'CONCESIONARIO ESMERALDAS', 'TAUFIK', '0000000000', 'OP CREADA', 0, NULL, NULL, NULL),
(11285, 54, 1, 'QUITO', '2024-03-11 14:07:19', 'SD', 'SD', '0000000000', 'OP CREADA', 0, NULL, NULL, NULL),
(11286, 55, 2, 'GUAYAQUIL', '2024-03-11 14:22:22', 'C.C. RIOCENTRO CEIBOS', 'SD', '0000000000', 'OP CREADA', 0, NULL, NULL, NULL),
(11287, 56, 1, 'QUITO', '2024-03-11 14:32:01', 'UIDE - UIO', 'SD', '0000000000', 'OP CREADA', 0, NULL, NULL, NULL),
(11288, 57, 1, 'VARIOS DESTINOS', '2024-03-11 14:38:55', 'VARIOS DESTINOS', 'SILENI', '0000000000', 'OP CREADA', 0, NULL, NULL, NULL),
(11289, 58, 1, 'QUITO', '2024-03-11 14:43:01', 'AGENCIA POMASQUI', 'BELEN CORAL ', '0984520220', 'OP CREADA', 0, NULL, NULL, NULL),
(11290, 59, 1, 'QUITO', '2024-03-11 14:47:19', 'AGENCIA POMASQUI', 'BELEN CORAL', '0984520220', 'OP CREADA', 0, NULL, NULL, NULL),
(11291, 60, 1, 'QUITO', '2024-03-11 14:51:47', 'CD - AMAGUAÑA', 'SD', '0000000000', 'OP CREADA', 0, NULL, NULL, NULL),
(11292, 61, 1, 'GUAYAQUIL', '2024-03-11 14:56:16', 'JC-GYE', 'SD', '0000000000', 'OP CREADA', 0, NULL, NULL, NULL),
(11293, 62, 1, 'QUITO', '2024-03-11 15:05:49', 'UIO', 'SD', '0000000000', 'OP CREADA', 0, NULL, NULL, NULL),
(11294, 63, 1, 'VARIOS DESTINOS', '2024-03-11 15:10:56', 'VARIOS DESTINOS', 'SD', '0000000000', 'OP CREADA', 0, NULL, NULL, NULL),
(11295, 64, 1, 'QUITO', '2024-03-11 15:17:18', 'QUITO', 'SD', '0000000000', 'OP CREADA', 0, NULL, NULL, NULL),
(11296, 65, 1, 'QUITO', '2024-03-11 15:26:18', 'QUITO', 'MILTON HERMOZA ', '0939273088', 'OP CREADA', 0, NULL, NULL, NULL),
(11297, 66, 1, 'QUITO', '2024-03-11 15:29:19', 'AGENCIA TRADICIONAL SAN LUIS ', 'BELEN CORAL ', '0984520220', 'OP CREADA', 0, NULL, NULL, NULL),
(11298, 67, 1, 'GUAYAQUIL', '2024-03-11 15:32:49', 'BODEGA CALBAQ', 'SD', '0000000000', 'OP CREADA', 0, NULL, NULL, NULL),
(11299, 68, 1, 'QUITO', '2024-03-11 15:37:05', 'AGENCIA  EKOPARK', 'BELEN CORAL', '0984520220', 'OP CREADA', 0, NULL, NULL, NULL),
(11300, 69, 1, 'LAGO AGRIO ', '2024-03-11 15:44:39', 'AV QUITO Y 20 DE JUNIO', 'ALEXIS ARGUELLO ', '0985465767', 'OP CREADA', 0, NULL, NULL, NULL),
(11301, 70, 1, 'RIOBAMBA', '2024-03-11 15:47:25', ' PLAZA DE TOROS', 'BELEN CORAL ', '0984520220', 'OP CREADA', 0, NULL, NULL, NULL),
(11302, 71, 2, 'GUAYAQUIL', '2024-03-11 16:07:23', 'PLAZA NOVA', 'SD', '0000000000', 'OP CREADA', 0, NULL, NULL, NULL),
(11303, 72, 1, 'QUITO', '2024-03-11 16:43:38', 'AGENCIA KENNEDY', 'SD', '0000000000', 'OP CREADA', 0, NULL, NULL, NULL),
(11304, 73, 1, 'QUITO', '2024-03-11 16:54:33', 'AG. EL PORTAL TRADICIONAL', 'BELEN CORAL', '0984520220', 'OP CREADA', 0, NULL, NULL, NULL),
(11305, 74, 2, 'GUAYAQUIL', '2024-03-11 16:58:02', 'SUPERMAXI, ALBAN BORJA', 'SD', '0000000000', 'OP CREADA', 0, NULL, NULL, NULL),
(11306, 75, 1, 'QUITO', '2024-03-11 17:01:48', 'AGENCIA NORTE', 'BELEN CORAL', '0984520220', 'OP CREADA', 0, NULL, NULL, NULL),
(11307, 76, 1, 'QUITO', '2024-03-11 17:05:41', 'ATM TUTI CHECA ', 'BELEN CORAL', '0984520220', 'OP CREADA', 0, NULL, NULL, NULL),
(11308, 77, 1, 'VARIOS DESTINOS', '2024-03-11 17:08:28', 'VARIOS DESTINOS', 'SILENI ', '0000000000', 'OP CREADA', 0, NULL, NULL, NULL),
(11309, 78, 1, 'GUAYAQUIL', '2024-03-11 17:15:08', 'JCDECAUX GYE', 'SD', '0000000000', 'OP CREADA', 0, NULL, NULL, NULL),
(11310, 79, 1, 'QUITO', '2024-03-11 17:18:02', 'QUICENTRO NORTE', 'SHARON', '0000000000', 'OP CREADA', 0, NULL, NULL, NULL),
(11311, 80, 1, 'QUITO', '2024-03-11 17:20:05', 'AGENCIA NORTE', 'BELEN CORAL', '0984520220', 'OP CREADA', 0, NULL, NULL, NULL),
(11312, 81, 1, 'QUITO', '2024-03-11 17:25:31', 'AGENCIA NORTE', 'BELEN CORAL', '0984520220', 'OP CREADA', 0, NULL, NULL, NULL),
(11313, 82, 1, 'QUITO', '2024-03-11 17:39:36', 'PLANTA UIO', 'SD', '0000000000', 'OP CREADA', 0, NULL, NULL, NULL),
(11314, 83, 1, 'QUITO', '2024-03-11 17:48:51', 'AGENCIA EKOPARK', 'SD', '0000000000', 'OP CREADA', 0, NULL, NULL, NULL),
(11315, 84, 1, 'GUAYAQUIL', '2024-03-11 17:53:08', 'SAN MARINO', 'SD', '0000000000', 'OP ANULADA', 0, NULL, NULL, '2024-03-11 17:54:27'),
(11316, 85, 2, 'GUAYAQUIL', '2024-03-12 14:30:09', 'JCDECAUX GYE', 'SD', '0000000000', 'OP CREADA', 0, NULL, NULL, NULL),
(11317, 86, 2, 'GUAYAQUIL', '2024-03-12 14:36:17', 'JCDECAUX GYE', 'SD', '0000000000', 'OP CREADA', 0, NULL, NULL, NULL),
(11318, 87, 2, 'GUAYAQUIL', '2024-03-12 14:53:32', 'JCDECAUX GYE', 'SD', '0000000000', 'OP CREADA', 0, NULL, NULL, NULL),
(11319, 89, 1, 'QUITO', '2024-03-12 15:03:05', 'PURUHA SHOPPING', 'BELEN CORAL', '0984520220', 'OP CREADA', 0, NULL, NULL, NULL),
(11320, 90, 2, 'GUAYAQUIL', '2024-03-12 15:12:14', 'SD', 'SD', '0000000000', 'OP CREADA', 0, NULL, NULL, NULL),
(11321, 91, 1, 'QUITO', '2024-03-12 15:19:09', 'AGENCIA EL PORTAL TRADICIONAL', 'BELEN CORAL', '0984520220', 'OP CREADA', 0, NULL, NULL, NULL),
(11322, 92, 1, 'VARIOS DESTINOS', '2024-03-12 17:19:23', 'VARIOS DESTINOS', 'MARIA CARIDAD NAVARRO', '0995755990', 'OP CREADA', 0, NULL, NULL, NULL),
(11323, 93, 1, 'CUENCA', '2024-03-12 17:57:41', 'ATM. MEDICITY REMIGIO CRESPO', 'BELEN CORAL', '0984520220', 'OP CREADA', 0, NULL, NULL, NULL),
(11324, 94, 1, 'QUITO', '2024-03-13 08:29:41', 'CC SCALA', 'SD', '0000000000', 'OP CREADA', 0, NULL, NULL, NULL),
(11325, 95, 1, 'GUAYAQUIL', '2024-03-13 08:34:20', 'CC SAN MARINO', 'SD', '0000000000', 'OP CREADA', 0, NULL, NULL, NULL),
(11326, 96, 1, 'QUITO', '2024-03-13 08:38:36', 'CC CONDADO ADIDAS', 'MARIA CARIDAD NAVARRO ', '0995755990', 'OP CREADA', 0, NULL, NULL, NULL),
(11327, 97, 1, 'QUITO', '2024-03-13 14:24:31', 'AGENCIA NORTE', 'BELEN CORAL', '0984520220', 'OP CREADA', 0, NULL, NULL, NULL),
(11328, 98, 1, 'GUAYAQUIL', '2024-03-13 15:09:37', 'VARIOS DESTINOS', 'SD', '0000000000', 'OP CREADA', 0, NULL, NULL, NULL),
(11329, 99, 2, 'GUAYAQUIL', '2024-03-13 15:13:59', 'JCDECAUX GYE', 'DAVID LUGO', '0000000000', 'OP CREADA', 0, NULL, NULL, NULL),
(11330, 100, 1, 'PORVIEJO', '2024-03-13 15:30:48', 'AGENCIA PORTOVIEJO ', 'SD', '0000000000', 'OP ANULADA', 0, NULL, NULL, '2024-03-13 15:36:44'),
(11331, 101, 2, 'GUAYAQUIL', '2024-03-13 15:49:37', 'CC MALL DEL NORTE', 'SD', '0000000000', 'OP CREADA', 0, NULL, NULL, NULL),
(11332, 102, 2, 'GUAYAQUIL', '2024-03-13 16:01:37', 'JCDECAUX GYE', 'SD', '0000000000', 'OP CREADA', 0, NULL, NULL, NULL),
(11333, 103, 2, 'GUAYAQUIL', '2024-03-13 16:04:34', 'JCDECAUX GYE', 'SD', '0000000000', 'OP CREADA', 0, NULL, NULL, NULL),
(11334, 104, 2, 'GUAYAQUIL', '2024-03-13 16:10:01', 'JCDECAUX GYE', 'SD', '0000000000', 'OP CREADA', 0, NULL, NULL, NULL),
(11335, 105, 2, 'GUAYAQUIL', '2024-03-13 16:52:52', 'JCDECAUX GYE', 'SD', '0000000000', 'OP CREADA', 0, NULL, NULL, NULL),
(11336, 106, 2, 'GUAYAQUIL', '2024-03-13 17:04:50', 'AGENCIA PRINCIPAL GYE', 'SD', '0000000000', 'OP CREADA', 0, NULL, NULL, NULL),
(11337, 107, 1, 'QUITO', '2024-03-15 10:53:11', 'AV ELOY ALFARO Y GIUILLERMO MENSI', 'RAFAEL APUNTE ', '0987024375', 'OP CREADA', 0, NULL, NULL, NULL),
(11338, 108, 2, 'GUAYAQUIL', '2024-03-13 17:32:59', 'CC MALL DEL SUR', 'SD', '0000000000', 'OP CREADA', 0, NULL, NULL, NULL),
(11339, 109, 2, 'GUAYAQUIL', '2024-03-15 11:30:11', 'JCDECAUX GYE', 'SD', '0000000000', 'OP CREADA', 0, NULL, NULL, NULL),
(11340, 110, 1, 'QUITO', '2024-03-20 10:54:02', 'AG. QUICENTRO NORTE', 'BELEN CORAL', '0984520220', 'OP CREADA', 0, NULL, NULL, NULL),
(11341, 111, 1, 'GUAYAQUIL', '2024-03-20 11:55:49', 'SHELL PUNTILLA', 'SD', '0000000000', 'OP CREADA', 0, NULL, NULL, NULL),
(11342, 112, 2, 'GUAYAQUIL', '2024-03-20 14:54:38', 'SD', 'SD', '0000000000', 'OP CREADA', 0, NULL, NULL, NULL),
(11343, 113, 1, 'QUITO', '2024-03-20 15:48:50', 'AGENCIA EKOPARK', 'KARINA GUERRA', '0000000000', 'OP CREADA', 0, NULL, NULL, NULL),
(11344, 114, 1, 'QUITO', '2024-03-20 15:57:14', 'ATM MAGDALENA ', 'BELEN CORAL', '0984520220', 'OP CREADA', 0, NULL, NULL, NULL),
(11345, 115, 1, 'GUAYAQUIL', '2024-03-20 16:01:09', 'CC MALL DEL SOL', 'SD', '0000000000', 'OP CREADA', 0, NULL, NULL, NULL),
(11346, 116, 1, 'VARIOS DESTINOS', '2024-03-20 16:05:34', 'VARIOS DESTINOS', 'SD', '0000000000', 'OP CREADA', 0, NULL, NULL, NULL),
(11347, 117, 1, 'QUITO', '2024-03-20 16:23:05', 'UIO - VÍA RUTA VIVA', 'SD', '0000000000', 'OP CREADA', 0, NULL, NULL, NULL),
(11348, 118, 2, 'GUAYAQUIL', '2024-03-20 16:29:41', 'AGENCIA SAN MARINO', 'BELEN CORAL ', '0984520220', 'OP CREADA', 0, NULL, NULL, NULL),
(11349, 119, 1, 'QUITO', '2024-03-20 16:46:38', 'GYM SHAPE - UIO ', 'DOLORES DEL CASTILLO ', '0992917667', 'OP CREADA', 0, NULL, NULL, NULL),
(11350, 120, 1, 'GUAYAQUIL', '2024-03-20 16:54:39', 'JCDECAUX GYE', 'SD', '0000000000', 'OP CREADA', 0, NULL, NULL, NULL),
(11351, 121, 1, 'GUAYAQUIL', '2024-03-20 17:04:22', 'JCDECAUX GYE', 'SD', '0000000000', 'OP CREADA', 0, NULL, NULL, NULL),
(11352, 122, 1, 'QUITO', '2024-03-20 17:21:46', 'SD', 'MARIA CARIDAD NAVARRO ', '0995755990', 'OP CREADA', 0, NULL, NULL, NULL);



    /*op_observaciones*/
CREATE TABLE op_observaciones (
    op_id INT UNSIGNED NOT NULL,
    opOb_estado VARCHAR(255) NOT NULL,
    opOb_obsevacion VARCHAR(255) NOT NULL,
    opOb_fecha DATETIME NOT NULL,
    Foreign Key (op_id) REFERENCES op(op_id)
        ON UPDATE RESTRICT
        ON DELETE RESTRICT
) ENGINE=InnoDB DEFAULT CHARSET=utf8mb4 COLLATE=utf8mb4_general_ci;

CREATE TABLE planos (
    pla_id INT UNSIGNED PRIMARY KEY AUTO_INCREMENT,
    op_id INT UNSIGNED NOT NULL,
    pla_numero INT UNSIGNED NOT NULL,
    pla_descripcion VARCHAR(255) NOT NULL, 
    pla_estado ENUM("ACTIVO", "PAUSADO", "ANULADO", "CONCLUIDO") DEFAULT 'ACTIVO' NOT NULL,
    pla_reproceso BOOLEAN DEFAULT false NOT NULL, /* 0 no es reproceso, 1 si es reproceso */
    pla_porcentaje DECIMAL(5, 2) UNSIGNED DEFAULT 0 NOT NULL,
    Foreign Key (op_id) REFERENCES op(op_id)
        ON UPDATE RESTRICT
        ON DELETE RESTRICT,
    CHECK (pla_porcentaje <= 100)
) ENGINE=InnoDB DEFAULT CHARSET=utf8mb4 COLLATE=utf8mb4_general_ci;

INSERT INTO `planos` (`pla_id`, `op_id`, `pla_numero`, `pla_estado`, `pla_reproceso`, `pla_porcentaje`) VALUES
(1, 11234, 1, 'ACTIVO', 0, 0.00),
(2, 11235, 1, 'ACTIVO', 0, 0.00),
(3, 11236, 1, 'ACTIVO', 0, 0.00),
(4, 11237, 1, 'ACTIVO', 0, 0.00),
(5, 11238, 1, 'ACTIVO', 0, 0.00),
(6, 11238, 2, 'ACTIVO', 0, 0.00),
(7, 11238, 3, 'ACTIVO', 0, 0.00),
(8, 11238, 4, 'ACTIVO', 0, 0.00),
(9, 11239, 1, 'ACTIVO', 0, 0.00),
(10, 11240, 1, 'ACTIVO', 0, 0.00),
(11, 11241, 1, 'ACTIVO', 0, 0.00),
(12, 11241, 2, 'ACTIVO', 0, 0.00),
(13, 11241, 3, 'ACTIVO', 0, 0.00),
(14, 11241, 4, 'ACTIVO', 0, 0.00),
(15, 11242, 1, 'ACTIVO', 0, 0.00),
(16, 11242, 2, 'ACTIVO', 0, 0.00),
(17, 11243, 1, 'ACTIVO', 0, 0.00),
(18, 11243, 2, 'ACTIVO', 0, 0.00),
(19, 11243, 3, 'ACTIVO', 0, 0.00),
(20, 11243, 4, 'ACTIVO', 0, 0.00),
(21, 11243, 5, 'ACTIVO', 0, 0.00),
(22, 11244, 1, 'ACTIVO', 0, 0.00),
(23, 11244, 2, 'ACTIVO', 0, 0.00),
(24, 11245, 1, 'ACTIVO', 0, 0.00),
(25, 11246, 1, 'ACTIVO', 0, 0.00),
(26, 11246, 2, 'ACTIVO', 0, 0.00),
(27, 11247, 1, 'ACTIVO', 0, 0.00),
(28, 11247, 2, 'ACTIVO', 0, 0.00),
(29, 11247, 3, 'ACTIVO', 0, 0.00),
(30, 11247, 4, 'ACTIVO', 0, 0.00),
(31, 11247, 5, 'ACTIVO', 0, 0.00),
(32, 11247, 6, 'ACTIVO', 0, 0.00),
(33, 11247, 7, 'ACTIVO', 0, 0.00),
(34, 11248, 1, 'ACTIVO', 0, 0.00),
(35, 11248, 2, 'ACTIVO', 0, 0.00),
(36, 11249, 1, 'ACTIVO', 0, 0.00),
(37, 11250, 1, 'ACTIVO', 0, 0.00),
(38, 11250, 2, 'ACTIVO', 0, 0.00),
(39, 11250, 3, 'ACTIVO', 0, 0.00),
(40, 11251, 1, 'ACTIVO', 0, 0.00),
(41, 11251, 2, 'ACTIVO', 0, 0.00),
(42, 11251, 3, 'ACTIVO', 0, 0.00),
(43, 11252, 1, 'ACTIVO', 0, 0.00),
(44, 11253, 1, 'ACTIVO', 0, 0.00),
(45, 11253, 2, 'ACTIVO', 0, 0.00),
(46, 11254, 1, 'ACTIVO', 0, 0.00),
(47, 11255, 1, 'ACTIVO', 0, 0.00),
(48, 11256, 1, 'ACTIVO', 0, 0.00),
(49, 11256, 2, 'ACTIVO', 0, 0.00),
(50, 11256, 3, 'ACTIVO', 0, 0.00),
(51, 11256, 4, 'ACTIVO', 0, 0.00),
(52, 11257, 1, 'ACTIVO', 0, 0.00),
(53, 11257, 2, 'ACTIVO', 0, 0.00),
(54, 11257, 3, 'ACTIVO', 0, 0.00),
(55, 11258, 1, 'ACTIVO', 0, 0.00),
(56, 11258, 2, 'ACTIVO', 0, 0.00),
(57, 11258, 3, 'ACTIVO', 0, 0.00),
(58, 11259, 1, 'ACTIVO', 0, 0.00),
(59, 11259, 2, 'ACTIVO', 0, 0.00),
(60, 11259, 3, 'ACTIVO', 0, 0.00),
(61, 11259, 4, 'ACTIVO', 0, 0.00),
(62, 11259, 5, 'ACTIVO', 0, 0.00),
(63, 11260, 1, 'ACTIVO', 0, 0.00),
(64, 11260, 2, 'ACTIVO', 0, 0.00),
(65, 11260, 3, 'ACTIVO', 0, 0.00),
(66, 11260, 4, 'ACTIVO', 0, 0.00),
(67, 11260, 5, 'ACTIVO', 0, 0.00),
(68, 11260, 6, 'ACTIVO', 0, 0.00),
(69, 11261, 1, 'ACTIVO', 0, 0.00),
(70, 11261, 2, 'ACTIVO', 0, 0.00),
(71, 11262, 1, 'ACTIVO', 0, 0.00),
(72, 11263, 1, 'ACTIVO', 0, 0.00),
(73, 11263, 2, 'ACTIVO', 0, 0.00),
(74, 11263, 3, 'ACTIVO', 0, 0.00),
(75, 11263, 4, 'ACTIVO', 0, 0.00),
(76, 11263, 5, 'ACTIVO', 0, 0.00),
(77, 11263, 6, 'ACTIVO', 0, 0.00),
(78, 11263, 7, 'ACTIVO', 0, 0.00),
(79, 11263, 8, 'ACTIVO', 0, 0.00),
(80, 11263, 9, 'ACTIVO', 0, 0.00),
(81, 11263, 10, 'ACTIVO', 0, 0.00),
(82, 11263, 11, 'ACTIVO', 0, 0.00),
(83, 11263, 12, 'ACTIVO', 0, 0.00),
(84, 11263, 13, 'ACTIVO', 0, 0.00),
(85, 11263, 14, 'ACTIVO', 0, 0.00),
(86, 11263, 15, 'ACTIVO', 0, 0.00),
(87, 11263, 16, 'ACTIVO', 0, 0.00),
(88, 11264, 1, 'ACTIVO', 0, 0.00),
(89, 11264, 2, 'ACTIVO', 0, 0.00),
(90, 11264, 3, 'ACTIVO', 0, 0.00),
(91, 11264, 4, 'ACTIVO', 0, 0.00),
(92, 11264, 5, 'ACTIVO', 0, 0.00),
(93, 11264, 6, 'ACTIVO', 0, 0.00),
(94, 11264, 7, 'ACTIVO', 0, 0.00),
(95, 11264, 8, 'ACTIVO', 0, 0.00),
(96, 11265, 1, 'ACTIVO', 0, 0.00),
(97, 11266, 1, 'ACTIVO', 0, 0.00),
(98, 11266, 2, 'ACTIVO', 0, 0.00),
(99, 11267, 1, 'ACTIVO', 0, 0.00),
(100, 11268, 1, 'ACTIVO', 0, 0.00),
(101, 11268, 2, 'ACTIVO', 0, 0.00),
(102, 11268, 3, 'ACTIVO', 0, 0.00),
(103, 11268, 4, 'ACTIVO', 0, 0.00),
(104, 11268, 5, 'ACTIVO', 0, 0.00),
(105, 11268, 6, 'ACTIVO', 0, 0.00),
(106, 11268, 7, 'ACTIVO', 0, 0.00),
(107, 11268, 8, 'ACTIVO', 0, 0.00),
(108, 11268, 9, 'ACTIVO', 0, 0.00),
(109, 11268, 10, 'ACTIVO', 0, 0.00),
(110, 11268, 11, 'ACTIVO', 0, 0.00),
(111, 11268, 12, 'ACTIVO', 0, 0.00),
(112, 11269, 1, 'ACTIVO', 0, 0.00),
(113, 11270, 1, 'ACTIVO', 0, 0.00),
(114, 11270, 2, 'ACTIVO', 0, 0.00),
(115, 11270, 3, 'ACTIVO', 0, 0.00),
(116, 11270, 4, 'ACTIVO', 0, 0.00),
(117, 11270, 5, 'ACTIVO', 0, 0.00),
(118, 11270, 6, 'ACTIVO', 0, 0.00),
(119, 11270, 7, 'ACTIVO', 0, 0.00),
(120, 11270, 8, 'ACTIVO', 0, 0.00),
(121, 11271, 1, 'ACTIVO', 0, 0.00),
(122, 11271, 2, 'ACTIVO', 0, 0.00),
(123, 11271, 3, 'ACTIVO', 0, 0.00),
(124, 11271, 4, 'ACTIVO', 0, 0.00),
(125, 11272, 1, 'ACTIVO', 0, 0.00),
(126, 11273, 1, 'ACTIVO', 0, 0.00),
(127, 11273, 2, 'ACTIVO', 0, 0.00),
(128, 11273, 3, 'ACTIVO', 0, 0.00),
(129, 11274, 1, 'ACTIVO', 0, 0.00),
(130, 11274, 2, 'ACTIVO', 0, 0.00),
(131, 11274, 3, 'ACTIVO', 0, 0.00),
(132, 11274, 4, 'ACTIVO', 0, 0.00),
(133, 11274, 5, 'ACTIVO', 0, 0.00),
(134, 11274, 6, 'ACTIVO', 0, 0.00),
(135, 11275, 1, 'ACTIVO', 0, 0.00),
(136, 11276, 1, 'ACTIVO', 0, 0.00),
(137, 11277, 1, 'ACTIVO', 0, 0.00),
(138, 11277, 2, 'ACTIVO', 0, 0.00),
(139, 11277, 3, 'ACTIVO', 0, 0.00),
(140, 11277, 4, 'ACTIVO', 0, 0.00),
(141, 11277, 5, 'ACTIVO', 0, 0.00),
(142, 11277, 6, 'ACTIVO', 0, 0.00),
(143, 11277, 7, 'ACTIVO', 0, 0.00),
(144, 11278, 1, 'ACTIVO', 0, 0.00),
(145, 11278, 2, 'ACTIVO', 0, 0.00),
(146, 11278, 3, 'ACTIVO', 0, 0.00),
(147, 11278, 4, 'ACTIVO', 0, 0.00),
(148, 11278, 5, 'ACTIVO', 0, 0.00),
(149, 11278, 6, 'ACTIVO', 0, 0.00),
(150, 11278, 7, 'ACTIVO', 0, 0.00),
(151, 11279, 1, 'ACTIVO', 0, 0.00),
(152, 11279, 2, 'ACTIVO', 0, 0.00),
(153, 11281, 1, 'ACTIVO', 0, 0.00),
(154, 11281, 2, 'ACTIVO', 0, 0.00),
(155, 11281, 3, 'ACTIVO', 0, 0.00),
(156, 11281, 4, 'ACTIVO', 0, 0.00),
(157, 11281, 5, 'ACTIVO', 0, 0.00),
(158, 11280, 1, 'ACTIVO', 0, 0.00),
(159, 11280, 2, 'ACTIVO', 0, 0.00),
(160, 11282, 1, 'ACTIVO', 0, 0.00),
(161, 11283, 1, 'ACTIVO', 0, 0.00),
(162, 11283, 2, 'ACTIVO', 0, 0.00),
(163, 11284, 1, 'ACTIVO', 0, 0.00),
(164, 11284, 2, 'ACTIVO', 0, 0.00),
(165, 11284, 3, 'ACTIVO', 0, 0.00),
(166, 11284, 4, 'ACTIVO', 0, 0.00),
(167, 11284, 5, 'ACTIVO', 0, 0.00),
(168, 11285, 1, 'ACTIVO', 0, 0.00),
(169, 11286, 1, 'ACTIVO', 0, 0.00),
(170, 11286, 2, 'ACTIVO', 0, 0.00),
(171, 11287, 1, 'ACTIVO', 0, 0.00),
(172, 11288, 1, 'ACTIVO', 0, 0.00),
(173, 11288, 2, 'ACTIVO', 0, 0.00),
(174, 11288, 3, 'ACTIVO', 0, 0.00),
(175, 11289, 1, 'ACTIVO', 0, 0.00),
(176, 11290, 1, 'ACTIVO', 0, 0.00),
(177, 11291, 1, 'ACTIVO', 0, 0.00),
(178, 11291, 2, 'ACTIVO', 0, 0.00),
(179, 11292, 1, 'ACTIVO', 0, 0.00),
(180, 11292, 2, 'ACTIVO', 0, 0.00),
(181, 11292, 3, 'ACTIVO', 0, 0.00),
(182, 11292, 4, 'ACTIVO', 0, 0.00),
(183, 11292, 5, 'ACTIVO', 0, 0.00),
(184, 11292, 6, 'ACTIVO', 0, 0.00),
(185, 11293, 1, 'ACTIVO', 0, 0.00),
(186, 11294, 1, 'ACTIVO', 0, 0.00),
(187, 11294, 2, 'ACTIVO', 0, 0.00),
(188, 11294, 3, 'ACTIVO', 0, 0.00),
(189, 11294, 4, 'ACTIVO', 0, 0.00),
(190, 11294, 5, 'ACTIVO', 0, 0.00),
(191, 11294, 6, 'ACTIVO', 0, 0.00),
(192, 11295, 1, 'ACTIVO', 0, 0.00),
(193, 11296, 1, 'ACTIVO', 0, 0.00),
(194, 11297, 1, 'ACTIVO', 0, 0.00),
(195, 11297, 2, 'ACTIVO', 0, 0.00),
(196, 11297, 3, 'ACTIVO', 0, 0.00),
(197, 11298, 1, 'ACTIVO', 0, 0.00),
(198, 11298, 2, 'ACTIVO', 0, 0.00),
(199, 11299, 1, 'ACTIVO', 0, 0.00),
(200, 11300, 1, 'ACTIVO', 0, 0.00),
(201, 11300, 2, 'ACTIVO', 0, 0.00),
(202, 11300, 3, 'ACTIVO', 0, 0.00),
(203, 11300, 4, 'ACTIVO', 0, 0.00),
(204, 11301, 1, 'ACTIVO', 0, 0.00),
(205, 11302, 1, 'ACTIVO', 0, 0.00),
(206, 11303, 1, 'ACTIVO', 0, 0.00),
(207, 11303, 2, 'ACTIVO', 0, 0.00),
(208, 11304, 1, 'ACTIVO', 0, 0.00),
(209, 11305, 1, 'ACTIVO', 0, 0.00),
(210, 11306, 1, 'ACTIVO', 0, 0.00),
(211, 11307, 1, 'ACTIVO', 0, 0.00),
(212, 11307, 2, 'ACTIVO', 0, 0.00),
(213, 11307, 3, 'ACTIVO', 0, 0.00),
(214, 11308, 1, 'ACTIVO', 0, 0.00),
(215, 11308, 2, 'ACTIVO', 0, 0.00),
(216, 11308, 3, 'ACTIVO', 0, 0.00),
(217, 11308, 4, 'ACTIVO', 0, 0.00),
(218, 11309, 1, 'ACTIVO', 0, 0.00),
(219, 11309, 2, 'ACTIVO', 0, 0.00),
(220, 11309, 3, 'ACTIVO', 0, 0.00),
(221, 11309, 4, 'ACTIVO', 0, 0.00),
(222, 11309, 5, 'ACTIVO', 0, 0.00),
(223, 11309, 6, 'ACTIVO', 0, 0.00),
(224, 11309, 7, 'ACTIVO', 0, 0.00),
(225, 11309, 8, 'ACTIVO', 0, 0.00),
(226, 11309, 9, 'ACTIVO', 0, 0.00),
(227, 11310, 1, 'ACTIVO', 0, 0.00),
(228, 11310, 2, 'ACTIVO', 0, 0.00),
(229, 11311, 1, 'ACTIVO', 0, 0.00),
(230, 11312, 1, 'ACTIVO', 0, 0.00),
(231, 11313, 1, 'ACTIVO', 0, 0.00),
(232, 11313, 2, 'ACTIVO', 0, 0.00),
(233, 11313, 3, 'ACTIVO', 0, 0.00),
(234, 11313, 4, 'ACTIVO', 0, 0.00),
(235, 11313, 5, 'ACTIVO', 0, 0.00),
(236, 11314, 1, 'ACTIVO', 0, 0.00),
(237, 11314, 2, 'ACTIVO', 0, 0.00),
(238, 11315, 1, 'ACTIVO', 0, 0.00),
(239, 11316, 1, 'ACTIVO', 0, 0.00),
(240, 11316, 2, 'ACTIVO', 0, 0.00),
(241, 11317, 1, 'ACTIVO', 0, 0.00),
(242, 11317, 2, 'ACTIVO', 0, 0.00),
(243, 11318, 1, 'ACTIVO', 0, 0.00),
(244, 11318, 2, 'ACTIVO', 0, 0.00),
(245, 11319, 1, 'ACTIVO', 0, 0.00),
(246, 11319, 2, 'ACTIVO', 0, 0.00),
(247, 11320, 1, 'ACTIVO', 0, 0.00),
(248, 11320, 2, 'ACTIVO', 0, 0.00),
(249, 11321, 1, 'ACTIVO', 0, 0.00),
(250, 11321, 2, 'ACTIVO', 0, 0.00),
(251, 11322, 1, 'ACTIVO', 0, 0.00),
(252, 11322, 2, 'ACTIVO', 0, 0.00),
(253, 11322, 3, 'ACTIVO', 0, 0.00),
(254, 11322, 4, 'ACTIVO', 0, 0.00),
(255, 11322, 5, 'ACTIVO', 0, 0.00),
(256, 11322, 6, 'ACTIVO', 0, 0.00),
(257, 11322, 7, 'ACTIVO', 0, 0.00),
(258, 11322, 8, 'ACTIVO', 0, 0.00),
(259, 11322, 9, 'ACTIVO', 0, 0.00),
(260, 11322, 10, 'ACTIVO', 0, 0.00),
(261, 11322, 11, 'ACTIVO', 0, 0.00),
(262, 11322, 12, 'ACTIVO', 0, 0.00),
(263, 11322, 13, 'ACTIVO', 0, 0.00),
(264, 11322, 14, 'ACTIVO', 0, 0.00),
(265, 11322, 15, 'ACTIVO', 0, 0.00),
(266, 11322, 16, 'ACTIVO', 0, 0.00),
(267, 11322, 17, 'ACTIVO', 0, 0.00),
(268, 11322, 18, 'ACTIVO', 0, 0.00),
(269, 11322, 19, 'ACTIVO', 0, 0.00),
(270, 11322, 20, 'ACTIVO', 0, 0.00),
(271, 11322, 21, 'ACTIVO', 0, 0.00),
(272, 11322, 22, 'ACTIVO', 0, 0.00),
(273, 11322, 23, 'ACTIVO', 0, 0.00),
(274, 11322, 24, 'ACTIVO', 0, 0.00),
(275, 11322, 25, 'ACTIVO', 0, 0.00),
(276, 11322, 26, 'ACTIVO', 0, 0.00),
(277, 11322, 27, 'ACTIVO', 0, 0.00),
(278, 11322, 28, 'ACTIVO', 0, 0.00),
(279, 11322, 29, 'ACTIVO', 0, 0.00),
(280, 11322, 30, 'ACTIVO', 0, 0.00),
(281, 11322, 31, 'ACTIVO', 0, 0.00),
(282, 11322, 32, 'ACTIVO', 0, 0.00),
(283, 11322, 33, 'ACTIVO', 0, 0.00),
(284, 11322, 34, 'ACTIVO', 0, 0.00),
(285, 11322, 35, 'ACTIVO', 0, 0.00),
(286, 11322, 36, 'ACTIVO', 0, 0.00),
(287, 11322, 37, 'ACTIVO', 0, 0.00),
(288, 11322, 38, 'ACTIVO', 0, 0.00),
(289, 11322, 39, 'ACTIVO', 0, 0.00),
(290, 11322, 40, 'ACTIVO', 0, 0.00),
(291, 11322, 41, 'ACTIVO', 0, 0.00),
(292, 11322, 42, 'ACTIVO', 0, 0.00),
(293, 11322, 43, 'ACTIVO', 0, 0.00),
(294, 11322, 44, 'ACTIVO', 0, 0.00),
(295, 11322, 45, 'ACTIVO', 0, 0.00),
(296, 11322, 46, 'ACTIVO', 0, 0.00),
(297, 11322, 47, 'ACTIVO', 0, 0.00),
(298, 11322, 48, 'ACTIVO', 0, 0.00),
(299, 11322, 49, 'ACTIVO', 0, 0.00),
(300, 11322, 50, 'ACTIVO', 0, 0.00),
(301, 11322, 51, 'ACTIVO', 0, 0.00),
(302, 11322, 52, 'ACTIVO', 0, 0.00),
(303, 11322, 53, 'ACTIVO', 0, 0.00),
(304, 11322, 54, 'ACTIVO', 0, 0.00),
(305, 11322, 55, 'ACTIVO', 0, 0.00),
(306, 11322, 56, 'ACTIVO', 0, 0.00),
(307, 11322, 57, 'ACTIVO', 0, 0.00),
(308, 11322, 58, 'ACTIVO', 0, 0.00),
(309, 11322, 59, 'ACTIVO', 0, 0.00),
(310, 11322, 60, 'ACTIVO', 0, 0.00),
(311, 11322, 61, 'ACTIVO', 0, 0.00),
(312, 11322, 62, 'ACTIVO', 0, 0.00),
(313, 11322, 63, 'ACTIVO', 0, 0.00),
(314, 11322, 64, 'ACTIVO', 0, 0.00),
(315, 11322, 65, 'ACTIVO', 0, 0.00),
(316, 11322, 66, 'ACTIVO', 0, 0.00),
(317, 11322, 67, 'ACTIVO', 0, 0.00),
(318, 11322, 68, 'ACTIVO', 0, 0.00),
(319, 11322, 69, 'ACTIVO', 0, 0.00),
(320, 11322, 70, 'ACTIVO', 0, 0.00),
(321, 11322, 71, 'ACTIVO', 0, 0.00),
(322, 11322, 72, 'ACTIVO', 0, 0.00),
(323, 11322, 73, 'ACTIVO', 0, 0.00),
(324, 11322, 74, 'ACTIVO', 0, 0.00),
(325, 11322, 75, 'ACTIVO', 0, 0.00),
(326, 11322, 76, 'ACTIVO', 0, 0.00),
(327, 11323, 1, 'ACTIVO', 0, 0.00),
(328, 11324, 1, 'ACTIVO', 0, 0.00),
(329, 11325, 1, 'ACTIVO', 0, 0.00),
(330, 11325, 2, 'ACTIVO', 0, 0.00),
(331, 11325, 3, 'ACTIVO', 0, 0.00),
(332, 11325, 4, 'ACTIVO', 0, 0.00),
(333, 11326, 1, 'ACTIVO', 0, 0.00);


CREATE TABLE pla_actividades (
    id INT UNSIGNED PRIMARY KEY AUTO_INCREMENT,
    pla_id INT UNSIGNED NOT NULL,
    plaAct_detalle VARCHAR(255) NOT NULL,
    plaAct_estado BOOLEAN NOT NULL, /* 0 no eliminado, 1 eliminado */
    plaAct_fechaEntrega DATETIME NOT NULL,
    plaAct_porcentaje DECIMAL(5, 2) UNSIGNED NOT NULL,
    Foreign Key (pla_id) REFERENCES planos(pla_id)
        ON UPDATE RESTRICT
        ON DELETE RESTRICT,
    CHECK (plaAct_porcentaje <= 100)
) ENGINE=InnoDB DEFAULT CHARSET=utf8mb4 COLLATE=utf8mb4_general_ci;

    /* observaciones */
CREATE TABLE pla_observaciones (
    pla_id INT UNSIGNED NOT NULL,
    plaOb_estado VARCHAR(255) NOT NULL,
    plaOb_obsevacion VARCHAR(255) NOT NULL,
    plaOb_fecha DATETIME NOT NULL,
    Foreign Key (pla_id) REFERENCES planos(pla_id)
        ON UPDATE RESTRICT
        ON DELETE RESTRICT
) ENGINE=InnoDB DEFAULT CHARSET=utf8mb4 COLLATE=utf8mb4_general_ci;

CREATE TABLE produccion (
    pro_id INT UNSIGNED PRIMARY KEY AUTO_INCREMENT,
    pla_id INT UNSIGNED NOT NULL,
    pro_fecha DATETIME DEFAULT CURRENT_TIMESTAMP NOT NULL,
    Foreign Key (pla_id) REFERENCES planos(pla_id)
        ON UPDATE RESTRICT
        ON DELETE RESTRICT
) ENGINE=InnoDB DEFAULT CHARSET=utf8mb4 COLLATE=utf8mb4_general_ci;

    /* areaaaaaaaas */
CREATE TABLE pro_areas (
    pro_id INT UNSIGNED NOT NULL,
    proAre_detalle VARCHAR(255) NOT NULL, /* nombre del area */
    proAre_fechaIni DATETIME NOT NULL,
    proAre_fechaFin DATETIME NULL,
    proAre_porcentaje DECIMAL(5, 2) UNSIGNED NOT NULL,
    Foreign Key (pro_id) REFERENCES produccion(pro_id)
        ON UPDATE RESTRICT
        ON DELETE RESTRICT,
    CHECK (proAre_porcentaje <= 100)
) ENGINE=InnoDB DEFAULT CHARSET=utf8mb4 COLLATE=utf8mb4_general_ci;

CREATE TABLE registro (
    reg_id INT UNSIGNED PRIMARY KEY AUTO_INCREMENT,
    pro_id INT UNSIGNED NOT NULL,
    reg_fecha DATETIME NOT NULL,
    reg_cedula VARCHAR(255) NOT NULL,
    reg_observacion VARCHAR(255) NULL,
    op_id INT UNSIGNED NOT NULL,
    pla_id INT UNSIGNED NOT NULL,
    Foreign Key (pro_id) REFERENCES produccion(pro_id)
        ON UPDATE RESTRICT
        ON DELETE RESTRICT
) ENGINE=InnoDB DEFAULT CHARSET=utf8mb4 COLLATE=utf8mb4_general_ci;

/* sub tablas de registro */
CREATE TABLE registro_produccion (
    reg_id INT UNSIGNED NOT NULL,
    reg_porcentaje DECIMAL(5, 2) UNSIGNED NOT NULL,
    proAre_detalle VARCHAR(255) NOT NULL,
    Foreign Key (reg_id) REFERENCES registro(reg_id)
        ON UPDATE RESTRICT
        ON DELETE RESTRICT,
    CHECK (reg_porcentaje <= 100)
) ENGINE=InnoDB DEFAULT CHARSET=utf8mb4 COLLATE=utf8mb4_general_ci;
CREATE TABLE registro_reproceso (
    reg_id INT UNSIGNED NOT NULL,
    reg_reproceso BOOLEAN NOT NULL,
    Foreign Key (reg_id) REFERENCES registro(reg_id)
        ON UPDATE RESTRICT
        ON DELETE RESTRICT
) ENGINE=InnoDB DEFAULT CHARSET=utf8mb4 COLLATE=utf8mb4_general_ci;
CREATE TABLE registro_empleado (
    reg_id INT UNSIGNED NOT NULL,
    reg_fechaFin DATETIME NULL,
    reg_logistica BOOLEAN NOT NULL,
    reg_areaTrabajo VARCHAR(255) NOT NULL,
    Foreign Key (reg_id) REFERENCES registro(reg_id)
        ON UPDATE RESTRICT
        ON DELETE RESTRICT
) ENGINE=InnoDB DEFAULT CHARSET=utf8mb4 COLLATE=utf8mb4_general_ci;
/* atributo compuesto de registro_empleado */
CREATE TABLE registro_empleado_actividades (
    reg_id INT UNSIGNED NOT NULL,
    reg_detalle VARCHAR(255) NOT NULL,
    Foreign Key (reg_id) REFERENCES registro(reg_id)
        ON UPDATE RESTRICT
        ON DELETE RESTRICT
) ENGINE=InnoDB DEFAULT CHARSET=utf8mb4 COLLATE=utf8mb4_general_ci;

CREATE TABLE notificaciones (
    noti_id INT UNSIGNED PRIMARY KEY AUTO_INCREMENT,
    noti_cedula VARCHAR(255) NOT NULL, /* cedula */
    noti_fecha DATETIME NOT NULL,
    noti_detalle VARCHAR(255) NOT NULL,
    noti_destinatario INT NOT NULL, /* usando los roles como destinatarios */
    Foreign Key (noti_cedula) REFERENCES personas(cedula)
        ON UPDATE RESTRICT
        ON DELETE RESTRICT
) ENGINE=InnoDB DEFAULT CHARSET=utf8mb4 COLLATE=utf8mb4_general_ci;

/* atributo compuesto del que se generan las visualizaciones de las notificaciones */

CREATE TABLE noti_visualizaciones (
    noti_id INT UNSIGNED NOT NULL,
    notiVis_cedula VARCHAR(255) NOT NULL, /* cedula */
    notiVis_fecha DATETIME DEFAULT CURRENT_TIMESTAMP NOT NULL,
    notiVis_vista BOOLEAN DEFAULT 0 NOT NULL, /* 0 sin ver, 1 vista */
    Foreign Key (noti_id) REFERENCES notificaciones(noti_id)
        ON UPDATE RESTRICT
        ON DELETE RESTRICT,
    Foreign Key (notiVis_cedula) REFERENCES personas(cedula)
        ON UPDATE RESTRICT
        ON DELETE RESTRICT
) ENGINE=InnoDB DEFAULT CHARSET=utf8mb4 COLLATE=utf8mb4_general_ci;

CREATE TABLE notificaciones_accionales (
    noti_id INT UNSIGNED NOT NULL,
    notiAc_estado BOOLEAN NOT NULL,  /* 0 sin notificacion, 1 con notificacion */
    notiAc_referencia VARCHAR(255) NOT NULL,
    Foreign Key (noti_id) REFERENCES notificaciones(noti_id)
        ON UPDATE RESTRICT
        ON DELETE RESTRICT
) ENGINE=InnoDB DEFAULT CHARSET=utf8mb4 COLLATE=utf8mb4_general_ci;

/*sub tabla notificaciones accionales*/

CREATE TABLE kardex (
    kar_id INT UNSIGNED PRIMARY KEY AUTO_INCREMENT,
    kar_cedula VARCHAR(255) NOT NULL,
    kar_accion VARCHAR(255) NOT NULL,
    kar_tabla VARCHAR(255) NOT NULL,
    kar_idRow VARCHAR(255) NOT NULL,
    kar_fecha DATETIME NOT NULL,
    Foreign Key (kar_cedula) REFERENCES personas(cedula)
        ON UPDATE RESTRICT
        ON DELETE RESTRICT
) ENGINE=InnoDB DEFAULT CHARSET=utf8mb4 COLLATE=utf8mb4_general_ci;
